{"features":[{
    "geometry": {
        "coordinates": [
            [
                -0.0010216189945538286,
                0.0003678404782088911,
                0.3048
            ],
            [
                -0.000943231053886772,
                0.00036784047821757836,
                0.3048
            ]
        ],
        "type": "LineString"
    },
    "properties": {
        "Id": "{29b36526-764d-3eb2-9fc0-62941f14ceb6}",
        "LaneType": "Sidewalk",
        "LeftBoundary": {
            "Dir": "Forward",
            "Id": "{15c54d64-5eec-3b89-ae56-0ab1d833fa5b}"
        },
        "Predecessors": [
        ],
        "RightBoundary": {
            "Dir": "Forward",
            "Id": "{568f4d52-8d9f-366a-a75a-f90ac47c93fd}"
        },
        "Successors": [
            {
                "Dir": "Backward",
                "Id": "{60944836-0e47-3c29-88a7-e35912066944}"
            }
        ],
        "TravelDir": "Undirected",
        "Type": "Lane"
    },
    "type": "Feature"
}
,{
    "geometry": {
        "coordinates": [
            [
                -0.0010216189945531555,
                0.00036187163966131615,
                0.1524
            ],
            [
                -0.0009432310538861502,
                0.0003618716396698624,
                0.1524
            ]
        ],
        "type": "LineString"
    },
    "properties": {
        "Id": "{81573626-7778-3f35-98c7-9fec28320bb4}",
        "LaneType": "Curb",
        "LeftBoundary": {
            "Dir": "Forward",
            "Id": "{568f4d52-8d9f-366a-a75a-f90ac47c93fd}"
        },
        "Predecessors": [
        ],
        "RightBoundary": {
            "Dir": "Forward",
            "Id": "{8904b219-1442-31a6-aa8b-6c534b5842a9}"
        },
        "Successors": [
            {
                "Dir": "Backward",
                "Id": "{f6b84d9a-6142-3061-9d14-44e07ad6f345}"
            }
        ],
        "TravelDir": "Undirected",
        "Type": "Lane"
    },
    "type": "Feature"
}
,{
    "geometry": {
        "coordinates": [
            [
                -0.00102161899455227,
                0.0003538679697907043,
                0
            ],
            [
                -0.0009432310538853327,
                0.00035386796979906154,
                0
            ]
        ],
        "type": "LineString"
    },
    "properties": {
        "Id": "{e18aa179-1240-36fd-b8df-2c145bc68499}",
        "LaneType": "Shoulder",
        "LeftBoundary": {
            "Dir": "Forward",
            "Id": "{8904b219-1442-31a6-aa8b-6c534b5842a9}"
        },
        "Predecessors": [
        ],
        "RightBoundary": {
            "Dir": "Forward",
            "Id": "{ff7d4c74-eed8-37e4-ae0c-f1399cca93fa}"
        },
        "Successors": [
        ],
        "TravelDir": "Undirected",
        "Type": "Lane"
    },
    "type": "Feature"
}
,{
    "geometry": {
        "coordinates": [
            [
                -0.0010216189945462507,
                0.000293727399576498,
                0
            ],
            [
                -0.0009432310538797751,
                0.00029372739958343484,
                0
            ]
        ],
        "type": "LineString"
    },
    "properties": {
        "Id": "{58566cd9-67f2-3f0f-8635-74095016e852}",
        "LaneType": "Driving",
        "LeftBoundary": {
            "Dir": "Forward",
            "Id": "{ff7d4c74-eed8-37e4-ae0c-f1399cca93fa}"
        },
        "Predecessors": [
        ],
        "RightBoundary": {
            "Dir": "Forward",
            "Id": "{d38d30a6-0afc-344c-ab50-700f6cfea3d4}"
        },
        "SpeedLimit": "40mph",
        "Successors": [
            {
                "Dir": "Forward",
                "Id": "{823c7d10-284f-3a51-9ab7-37315a521c9e}"
            }
        ],
        "TravelDir": "Forward",
        "Type": "Lane"
    },
    "type": "Feature"
}
,{
    "geometry": {
        "coordinates": [
            [
                -0.001021618994541349,
                0.00023358682936228502,
                0
            ],
            [
                -0.0009432310538752499,
                0.00023358682936780163,
                0
            ]
        ],
        "type": "LineString"
    },
    "properties": {
        "Id": "{7bdfd3ac-79bc-3e15-abf3-aaba320343cf}",
        "LaneType": "Shoulder",
        "LeftBoundary": {
            "Dir": "Forward",
            "Id": "{d38d30a6-0afc-344c-ab50-700f6cfea3d4}"
        },
        "Predecessors": [
        ],
        "RightBoundary": {
            "Dir": "Forward",
            "Id": "{a98bd817-d2ff-3751-bc37-703e1a8bb432}"
        },
        "Successors": [
        ],
        "TravelDir": "Undirected",
        "Type": "Lane"
    },
    "type": "Feature"
}
,{
    "geometry": {
        "coordinates": [
            [
                -0.0010216189945407809,
                0.00022558315949167135,
                0.1524
            ],
            [
                -0.0009432310538747253,
                0.00022558315949699887,
                0.1524
            ]
        ],
        "type": "LineString"
    },
    "properties": {
        "Id": "{68b33bd6-a8eb-39b5-b7df-1ba6aada9384}",
        "LaneType": "Curb",
        "LeftBoundary": {
            "Dir": "Forward",
            "Id": "{a98bd817-d2ff-3751-bc37-703e1a8bb432}"
        },
        "Predecessors": [
        ],
        "RightBoundary": {
            "Dir": "Forward",
            "Id": "{76e61fce-6f7e-313b-88e2-3a3fd96a651c}"
        },
        "Successors": [
            {
                "Dir": "Forward",
                "Id": "{8b892401-7216-3023-a4fe-953f85f09456}"
            }
        ],
        "TravelDir": "Undirected",
        "Type": "Lane"
    },
    "type": "Feature"
}
,{
    "geometry": {
        "coordinates": [
            [
                -0.0010216189945403704,
                0.000219614320944095,
                0.3048
            ],
            [
                -0.000943231053874346,
                0.0002196143209492816,
                0.3048
            ]
        ],
        "type": "LineString"
    },
    "properties": {
        "Id": "{6e47d457-1a46-34e6-b067-1c73020f200d}",
        "LaneType": "Sidewalk",
        "LeftBoundary": {
            "Dir": "Forward",
            "Id": "{76e61fce-6f7e-313b-88e2-3a3fd96a651c}"
        },
        "Predecessors": [
        ],
        "RightBoundary": {
            "Dir": "Forward",
            "Id": "{fad166df-4392-326e-9c94-f77cc1798568}"
        },
        "Successors": [
            {
                "Dir": "Forward",
                "Id": "{42cf8664-f124-3d13-b0e0-a6dcb474619b}"
            }
        ],
        "TravelDir": "Undirected",
        "Type": "Lane"
    },
    "type": "Feature"
}
,{
    "geometry": {
        "coordinates": [
            [
                -0.00090401958615795,
                0.00040134734548634296,
                0.1524
            ],
            [
                -0.000904019586156284,
                0.0003858745213189222,
                0.1524
            ],
            [
                -0.0009040481957801662,
                0.00038468681886802175,
                0.15239999999999998
            ],
            [
                -0.0009042031239756838,
                0.0003828719250473426,
                0.1524
            ],
            [
                -0.0009044916777518762,
                0.0003810736543279259,
                0.15240000000000004
            ],
            [
                -0.0009049122593063003,
                0.00037930196423446844,
                0.1524
            ],
            [
                -0.0009054625397620131,
                0.0003775666651073545,
                0.1524
            ],
            [
                -0.0009061394720632194,
                0.00037587736578007506,
                0.1524
            ],
            [
                -0.0009069393078476401,
                0.00037424342037244656,
                0.1524
            ],
            [
                -0.000907857618202285,
                0.0003726738764942496,
                0.15240000000000004
            ],
            [
                -0.0009088893181875211,
                0.0003711774251461002,
                0.1524
            ],
            [
                -0.0009105466782584736,
                0.00036918464328841797,
                0.1524
            ],
            [
                -0.0009108232590652963,
                0.0003688907705505001,
                0.1524
            ],
            [
                -0.0009124910331419708,
                0.0003673145789157835,
                0.1524
            ],
            [
                -0.0009143074909738568,
                0.0003659148199793441,
                0.1524
            ],
            [
                -0.0009162542968484318,
                0.00036470562320623987,
                0.1524
            ],
            [
                -0.0009183117992922282,
                0.0003636991944864345,
                0.1524
            ],
            [
                -0.0009204592294370429,
                0.00036290569292594233,
                0.15240000000000004
            ],
            [
                -0.0009226749106652684,
                0.0003623331282986471,
                0.1524
            ],
            [
                -0.0009249364774183246,
                0.00036198728019393617,
                0.1524
            ],
            [
                -0.0009272212173261457,
                0.0003618716396715239,
                0.1524
            ],
            [
                -0.0009311058814083711,
                0.00036187163967112346,
                0.1524
            ],
            [
                -0.0009432310538861502,
                0.0003618716396698624,
                0.1524
            ]
        ],
        "type": "LineString"
    },
    "properties": {
        "Id": "{f6b84d9a-6142-3061-9d14-44e07ad6f345}",
        "LaneType": "Curb",
        "LeftBoundary": {
            "Dir": "Forward",
            "Id": "{5d5a7911-fd70-3c60-a7c5-50f7e3c2bdbd}"
        },
        "Predecessors": [
            {
                "Dir": "Backward",
                "Id": "{24646256-6cc6-3b3b-8a07-945c76163079}"
            }
        ],
        "RightBoundary": {
            "Dir": "Forward",
            "Id": "{54694dac-3f4e-3b7e-a1c6-bcbd10c85c58}"
        },
        "Successors": [
            {
                "Dir": "Backward",
                "Id": "{81573626-7778-3f35-98c7-9fec28320bb4}"
            }
        ],
        "TravelDir": "Undirected",
        "Type": "Lane"
    },
    "type": "Feature"
}
,{
    "geometry": {
        "coordinates": [
            [
                -0.0009099484670325343,
                0.00040134734548568117,
                0.3048
            ],
            [
                -0.0009099484670308574,
                0.00038587452131828577,
                0.3048
            ],
            [
                -0.0009099701007422597,
                0.000384976280624967,
                0.30479999999999996
            ],
            [
                -0.0009100872526448458,
                0.00038360391413364676,
                0.3048
            ],
            [
                -0.000910305448072522,
                0.00038224411751660464,
                0.30480000000000007
            ],
            [
                -0.0009106234788165666,
                0.0003809044203455845,
                0.3048
            ],
            [
                -0.0009110395838523792,
                0.0003795922408961123,
                0.3048
            ],
            [
                -0.0009115514590907453,
                0.0003783148450704425,
                0.3048
            ],
            [
                -0.0009121562701362117,
                0.00037707930616423865,
                0.3048
            ],
            [
                -0.0009128506679819648,
                0.00037589246569976994,
                0.30480000000000007
            ],
            [
                -0.0009136308075541514,
                0.00037476089554250004,
                0.3048
            ],
            [
                -0.0009148840519034966,
                0.00037325401562763254,
                0.3048
            ],
            [
                -0.0009150931863026627,
                0.0003730318059413255,
                0.3048
            ],
            [
                -0.0009163266669069733,
                0.0003718660594308753,
                0.3048
            ],
            [
                -0.0009176701135617218,
                0.0003708308020042491,
                0.3048
            ],
            [
                -0.0009191099652300168,
                0.00036993648377057245,
                0.3048
            ],
            [
                -0.0009206316877422245,
                0.00036919213216871685,
                0.3048
            ],
            [
                -0.000922219920506951,
                0.0003686052608424076,
                0.30480000000000007
            ],
            [
                -0.0009238586315641492,
                0.00036818179379590187,
                0.3048
            ],
            [
                -0.0009255312794151131,
                0.0003679260055958273,
                0.3048
            ],
            [
                -0.0009272212173267565,
                0.00036784047821926733,
                0.3048
            ],
            [
                -0.0009311058814089847,
                0.0003678404782188602,
                0.3048
            ],
            [
                -0.000943231053886772,
                0.00036784047821757836,
                0.3048
            ]
        ],
        "type": "LineString"
    },
    "properties": {
        "Id": "{60944836-0e47-3c29-88a7-e35912066944}",
        "LaneType": "Sidewalk",
        "LeftBoundary": {
            "Dir": "Forward",
            "Id": "{54694dac-3f4e-3b7e-a1c6-bcbd10c85c58}"
        },
        "Predecessors": [
            {
                "Dir": "Backward",
                "Id": "{1df8ba08-50c8-3fae-8496-4dc488e1abc3}"
            }
        ],
        "RightBoundary": {
            "Dir": "Forward",
            "Id": "{e8b8f32f-5693-383b-bdc7-77824f7c3fe9}"
        },
        "Successors": [
            {
                "Dir": "Backward",
                "Id": "{29b36526-764d-3eb2-9fc0-62941f14ceb6}"
            }
        ],
        "TravelDir": "Undirected",
        "Type": "Lane"
    },
    "type": "Feature"
}
,{
    "geometry": {
        "coordinates": [
            [
                -0.0009432310538797751,
                0.00029372739958343484,
                0
            ],
            [
                -0.0009424488182792293,
                0.00029372739958350124,
                0
            ],
            [
                -0.000937773303994533,
                0.0002938385819692637,
                0
            ],
            [
                -0.0009331081917238127,
                0.00029417188552412026,
                0
            ],
            [
                -0.0009284639139984343,
                0.0002947265668030484,
                0
            ],
            [
                -0.0009238508300394698,
                0.0002955013885703921,
                0
            ],
            [
                -0.000919279229489241,
                0.00029649462255957015,
                0
            ],
            [
                -0.0009147593094599026,
                0.0002977040533280334,
                0
            ],
            [
                -0.0009103011517884287,
                0.00029912698319888644,
                0
            ],
            [
                -0.0009059147005487207,
                0.0003007602382781478,
                0
            ],
            [
                -0.0009013300089319439,
                0.0003027281896354656,
                0
            ],
            [
                -0.0008968494781545848,
                0.00030492588024783453,
                0
            ],
            [
                -0.0008924844581577966,
                0.000307347742993773,
                0
            ],
            [
                -0.0008882460062744373,
                0.00030998764288592485,
                0
            ],
            [
                -0.0008841448592189399,
                0.00031283889261201925,
                0
            ],
            [
                -0.0008801914058894407,
                0.0003158942694749611,
                0
            ],
            [
                -0.0008763956610508937,
                0.00031914603368914395,
                0
            ],
            [
                -0.0008727672399660305,
                0.0003225859479866322,
                0
            ],
            [
                -0.0008700282201932407,
                0.00032542748621719903,
                0
            ],
            [
                -0.0008674034414865698,
                0.0003283762813736204,
                0
            ],
            [
                -0.0008668888273369006,
                0.000328982943376527,
                0
            ],
            [
                -0.0008647272158106403,
                0.0003316341199626372,
                0
            ],
            [
                -0.0008626481975170042,
                0.0003343514203703652,
                0
            ],
            [
                -0.0008606537669607614,
                0.0003371322377594285,
                0
            ],
            [
                -0.0008587458374974985,
                0.0003399739043545716,
                0
            ],
            [
                -0.0008569262394980428,
                0.00034287369400489527,
                0
            ],
            [
                -0.0008551967185924759,
                0.000345828824799187,
                0
            ],
            [
                -0.0008535589339955043,
                0.00034883646173474564,
                0
            ],
            [
                -0.0008520144569146477,
                0.00035189371943713946,
                0
            ],
            [
                -0.0008505647690429448,
                0.00035499766492828807,
                0
            ],
            [
                -0.0008492112611374519,
                0.0003581453204402132,
                0
            ],
            [
                -0.0008479552316850624,
                0.0003613336662717575,
                0
            ],
            [
                -0.0008467978856567566,
                0.00036455964368553405,
                0
            ],
            [
                -0.0008457403333516684,
                0.0003678201578423234,
                0
            ],
            [
                -0.0008447835893318683,
                0.00037111208077010403,
                0
            ],
            [
                -0.000843928571449069,
                0.0003744322543648733,
                0
            ],
            [
                -0.0008431760999641036,
                0.00037777749342036927,
                0
            ],
            [
                -0.000842148738162382,
                0.0003834193859268483,
                0
            ],
            [
                -0.0008414129337370873,
                0.0003891072649331327,
                0
            ],
            [
                -0.0008409706607965114,
                0.0003948258702848556,
                0
            ],
            [
                -0.0008408231059259005,
                0.0004005598380182893,
                0
            ],
            [
                -0.0008408231059259808,
                0.000401347345493129,
                0
            ]
        ],
        "type": "LineString"
    },
    "properties": {
        "Id": "{823c7d10-284f-3a51-9ab7-37315a521c9e}",
        "LaneType": "Driving",
        "LeftBoundary": {
            "Dir": "Forward",
            "Id": "{4a40aeea-4632-3a60-9ac8-010eb1dd6de3}"
        },
        "Predecessors": [
            {
                "Dir": "Forward",
                "Id": "{58566cd9-67f2-3f0f-8635-74095016e852}"
            }
        ],
        "RightBoundary": {
            "Dir": "Forward",
            "Id": "{4fbd8381-1e78-34aa-87ca-2dafcf5f4d1d}"
        },
        "SpeedLimit": "40mph",
        "Successors": [
            {
                "Dir": "Forward",
                "Id": "{9454d8d0-061f-3bf5-8521-ed9093c7bec5}"
            }
        ],
        "TravelDir": "Forward",
        "Type": "Lane"
    },
    "type": "Feature"
}
,{
    "geometry": {
        "coordinates": [
            [
                -0.0009432310538747253,
                0.00022558315949699887,
                0.1524
            ],
            [
                -0.0009260626983447417,
                0.000225583159498109,
                0.1524
            ],
            [
                -0.0009245815410707656,
                0.00022553538235376065,
                0.1524
            ],
            [
                -0.0009217744526077782,
                0.00022517925539762503,
                0.15240000000000004
            ],
            [
                -0.0009190316344636205,
                0.00022448043871419382,
                0.1524
            ],
            [
                -0.0009163942037826883,
                0.0002234494081516534,
                0.1524
            ],
            [
                -0.0009139016978629157,
                0.00022210161972286744,
                0.1524
            ],
            [
                -0.0009121760644313927,
                0.00022091464506763224,
                0.1524
            ],
            [
                -0.0009105640139970312,
                0.00021957556324390612,
                0.1524
            ],
            [
                -0.0009104369389094049,
                0.00021945902660108738,
                0.1524
            ],
            [
                -0.0009089997615022886,
                0.00021798614838452758,
                0.1524
            ],
            [
                -0.0009077214897634233,
                0.00021637162487191697,
                0.1524
            ],
            [
                -0.0009066158108612959,
                0.00021463274487757333,
                0.1524
            ],
            [
                -0.000905694567004668,
                0.0002127881324160014,
                0.1524
            ],
            [
                -0.0009049676250383049,
                0.0002108575439335065,
                0.15239999999999998
            ],
            [
                -0.000904442770765571,
                0.00020886165670972717,
                0.15240000000000004
            ],
            [
                -0.00090412562555978,
                0.00020682184739671906,
                0.15239999999999998
            ],
            [
                -0.0009040195861416535,
                0.00020475973505364772,
                0.1524
            ],
            [
                -0.0009040195861413062,
                0.0001984623854818141,
                0.1524
            ],
            [
                -0.0009040195861406565,
                0.00018610743355543716,
                0.1524
            ]
        ],
        "type": "LineString"
    },
    "properties": {
        "Id": "{8b892401-7216-3023-a4fe-953f85f09456}",
        "LaneType": "Curb",
        "LeftBoundary": {
            "Dir": "Forward",
            "Id": "{bf99556e-4cf0-339b-acd1-95adbaa631fb}"
        },
        "Predecessors": [
            {
                "Dir": "Forward",
                "Id": "{68b33bd6-a8eb-39b5-b7df-1ba6aada9384}"
            }
        ],
        "RightBoundary": {
            "Dir": "Forward",
            "Id": "{52c5414f-45ba-3149-908e-cd3557348a6f}"
        },
        "Successors": [
            {
                "Dir": "Backward",
                "Id": "{69114fe0-929c-3ffd-8330-5dbc62b89058}"
            }
        ],
        "TravelDir": "Undirected",
        "Type": "Lane"
    },
    "type": "Feature"
}
,{
    "geometry": {
        "coordinates": [
            [
                -0.000943231053874346,
                0.0002196143209492816,
                0.3048
            ],
            [
                -0.0009260626983443694,
                0.00021961432095036224,
                0.3048
            ],
            [
                -0.0009249613226974747,
                0.00021957880205600595,
                0.3048
            ],
            [
                -0.000922874452920713,
                0.0002193140471003787,
                0.30480000000000007
            ],
            [
                -0.0009208353635355124,
                0.00021879452680902063,
                0.3048
            ],
            [
                -0.0009188746222019506,
                0.00021802802922682397,
                0.3048
            ],
            [
                -0.0009170216220771084,
                0.0002170260447954118,
                0.3048
            ],
            [
                -0.0009157387368736371,
                0.00021614361391855908,
                0.3048
            ],
            [
                -0.0009145402925159133,
                0.00021514810222614367,
                0.3048
            ],
            [
                -0.0009144458212645657,
                0.00021506146555580325,
                0.3048
            ],
            [
                -0.0009134386271820868,
                0.00021402925232783963,
                0.3048
            ],
            [
                -0.0009125428006737391,
                0.00021289777697955,
                0.3048
            ],
            [
                -0.0009117679290716203,
                0.00021167915127861379,
                0.3048
            ],
            [
                -0.0009111223115222997,
                0.00021038642713361777,
                0.3048
            ],
            [
                -0.0009106128628161319,
                0.00020903345007346883,
                0.30479999999999996
            ],
            [
                -0.0009102450393274049,
                0.00020763471095692357,
                0.30480000000000007
            ],
            [
                -0.0009100227805746593,
                0.00020620519077040966,
                0.30479999999999996
            ],
            [
                -0.0009099484670161309,
                0.00020475973505331,
                0.3048
            ],
            [
                -0.0009099484670157815,
                0.00019846238548148684,
                0.3048
            ],
            [
                -0.0009099484670151272,
                0.00018610743355513027,
                0.3048
            ]
        ],
        "type": "LineString"
    },
    "properties": {
        "Id": "{42cf8664-f124-3d13-b0e0-a6dcb474619b}",
        "LaneType": "Sidewalk",
        "LeftBoundary": {
            "Dir": "Forward",
            "Id": "{52c5414f-45ba-3149-908e-cd3557348a6f}"
        },
        "Predecessors": [
            {
                "Dir": "Forward",
                "Id": "{6e47d457-1a46-34e6-b067-1c73020f200d}"
            }
        ],
        "RightBoundary": {
            "Dir": "Forward",
            "Id": "{9940f4d7-f339-3996-b743-193e8da808ef}"
        },
        "Successors": [
            {
                "Dir": "Backward",
                "Id": "{740dbafa-f74c-3f2a-900f-2b3027d30270}"
            }
        ],
        "TravelDir": "Undirected",
        "Type": "Lane"
    },
    "type": "Feature"
}
,{
    "geometry": {
        "coordinates": [
            [
                -0.0009099484670103591,
                0,
                0.3048
            ],
            [
                -0.0009099484670106571,
                4.65268583887841e-05,
                0.3048
            ],
            [
                -0.0009099484670115512,
                9.305371677756756e-05,
                0.3048
            ],
            [
                -0.0009099484670130411,
                0.0001395805751663498,
                0.3048
            ],
            [
                -0.0009099484670151272,
                0.0001861074335551302,
                0.3048
            ]
        ],
        "type": "LineString"
    },
    "properties": {
        "Id": "{740dbafa-f74c-3f2a-900f-2b3027d30270}",
        "LaneType": "Sidewalk",
        "LeftBoundary": {
            "Dir": "Forward",
            "Id": "{9fc09a21-3273-3c7c-b8e1-3d872be99e72}"
        },
        "Predecessors": [
        ],
        "RightBoundary": {
            "Dir": "Forward",
            "Id": "{10d2485f-ed88-32cb-84a3-b75c71bab64c}"
        },
        "Successors": [
            {
                "Dir": "Backward",
                "Id": "{42cf8664-f124-3d13-b0e0-a6dcb474619b}"
            }
        ],
        "TravelDir": "Undirected",
        "Type": "Lane"
    },
    "type": "Feature"
}
,{
    "geometry": {
        "coordinates": [
            [
                -0.0009040195861359193,
                0,
                0.1524
            ],
            [
                -0.0009040195861362152,
                4.652685838886082e-05,
                0.1524
            ],
            [
                -0.0009040195861371036,
                9.305371677772103e-05,
                0.1524
            ],
            [
                -0.0009040195861385838,
                0.00013958057516658,
                0.1524
            ],
            [
                -0.0009040195861406565,
                0.0001861074335554371,
                0.1524
            ]
        ],
        "type": "LineString"
    },
    "properties": {
        "Id": "{69114fe0-929c-3ffd-8330-5dbc62b89058}",
        "LaneType": "Curb",
        "LeftBoundary": {
            "Dir": "Forward",
            "Id": "{10d2485f-ed88-32cb-84a3-b75c71bab64c}"
        },
        "Predecessors": [
        ],
        "RightBoundary": {
            "Dir": "Forward",
            "Id": "{116a8b3a-4137-3029-8dee-cd6fd0846193}"
        },
        "Successors": [
            {
                "Dir": "Backward",
                "Id": "{8b892401-7216-3023-a4fe-953f85f09456}"
            }
        ],
        "TravelDir": "Undirected",
        "Type": "Lane"
    },
    "type": "Feature"
}
,{
    "geometry": {
        "coordinates": [
            [
                -0.0008983152840824678,
                0,
                0
            ],
            [
                -0.0008983152840827621,
                4.652685838893416e-05,
                0
            ],
            [
                -0.0008983152840836447,
                9.305371677786774e-05,
                0
            ],
            [
                -0.0008983152840851157,
                0.00013958057516680005,
                0
            ],
            [
                -0.000898315284087175,
                0.0001861074335557305,
                0
            ]
        ],
        "type": "LineString"
    },
    "properties": {
        "Id": "{f5763e23-55e5-36f2-ae12-3c7828cd2629}",
        "LaneType": "Shoulder",
        "LeftBoundary": {
            "Dir": "Forward",
            "Id": "{116a8b3a-4137-3029-8dee-cd6fd0846193}"
        },
        "Predecessors": [
        ],
        "RightBoundary": {
            "Dir": "Forward",
            "Id": "{1d12d86d-d0dc-3c51-b36d-a6d49c3edb06}"
        },
        "Successors": [
        ],
        "TravelDir": "Undirected",
        "Type": "Lane"
    },
    "type": "Feature"
}
,{
    "geometry": {
        "coordinates": [
            [
                -0.0008408231059054902,
                0,
                0
            ],
            [
                -0.0008408231059057656,
                4.65268583896475e-05,
                0
            ],
            [
                -0.0008408231059065917,
                9.305371677929437e-05,
                0
            ],
            [
                -0.0008408231059079686,
                0.00013958057516894,
                0
            ],
            [
                -0.0008408231059098962,
                0.0001861074335585838,
                0
            ]
        ],
        "type": "LineString"
    },
    "properties": {
        "Id": "{c53bd0d6-9aa8-30aa-a942-233559d0b4c9}",
        "LaneType": "Driving",
        "LeftBoundary": {
            "Dir": "Forward",
            "Id": "{1d12d86d-d0dc-3c51-b36d-a6d49c3edb06}"
        },
        "Predecessors": [
        ],
        "RightBoundary": {
            "Dir": "Forward",
            "Id": "{28964818-4a07-36ae-8e15-c73c66b8800a}"
        },
        "SpeedLimit": "40mph",
        "Successors": [
            {
                "Dir": "Forward",
                "Id": "{9a447b4b-98c0-362b-bb41-a7cb9ae6fa44}"
            }
        ],
        "TravelDir": "Forward",
        "Type": "Lane"
    },
    "type": "Feature"
}
,{
    "geometry": {
        "coordinates": [
            [
                -0.0007833309277276555,
                0,
                0
            ],
            [
                -0.000783330927727912,
                4.6526858390313665e-05,
                0
            ],
            [
                -0.0007833309277286816,
                9.305371678062669e-05,
                0
            ],
            [
                -0.0007833309277299644,
                0.00013958057517093848,
                0
            ],
            [
                -0.0007833309277317602,
                0.00018610743356124845,
                0
            ]
        ],
        "type": "LineString"
    },
    "properties": {
        "Id": "{2991264b-e6b3-3527-aa26-ca351e993e40}",
        "LaneType": "Shoulder",
        "LeftBoundary": {
            "Dir": "Forward",
            "Id": "{28964818-4a07-36ae-8e15-c73c66b8800a}"
        },
        "Predecessors": [
        ],
        "RightBoundary": {
            "Dir": "Forward",
            "Id": "{1bde7c8c-8f7d-37d7-bc89-d636b6e3a519}"
        },
        "Successors": [
        ],
        "TravelDir": "Undirected",
        "Type": "Lane"
    },
    "type": "Feature"
}
,{
    "geometry": {
        "coordinates": [
            [
                -0.0007775817099098241,
                0,
                0.1524
            ],
            [
                -0.0007775817099100787,
                4.652685839037769e-05,
                0.1524
            ],
            [
                -0.0007775817099108427,
                9.305371678075475e-05,
                0.1524
            ],
            [
                -0.000777581709912116,
                0.00013958057517113055,
                0.1524
            ],
            [
                -0.0007775817099138986,
                0.00018610743356150457,
                0.1524
            ]
        ],
        "type": "LineString"
    },
    "properties": {
        "Id": "{94b78e90-f5c5-3a78-9678-582898bde3de}",
        "LaneType": "Curb",
        "LeftBoundary": {
            "Dir": "Forward",
            "Id": "{1bde7c8c-8f7d-37d7-bc89-d636b6e3a519}"
        },
        "Predecessors": [
        ],
        "RightBoundary": {
            "Dir": "Forward",
            "Id": "{f5c636c9-fe9b-37ee-a735-19bec1ae5b9c}"
        },
        "Successors": [
            {
                "Dir": "Forward",
                "Id": "{4f3a9a62-8f0a-3e91-93df-ea452593e91a}"
            }
        ],
        "TravelDir": "Undirected",
        "Type": "Lane"
    },
    "type": "Feature"
}
,{
    "geometry": {
        "coordinates": [
            [
                -0.0007716079132709797,
                0,
                0.3048
            ],
            [
                -0.0007716079132712323,
                4.652685839044371e-05,
                0.3048
            ],
            [
                -0.0007716079132719905,
                9.30537167808868e-05,
                0.3048
            ],
            [
                -0.000771607913273254,
                0.00013958057517132863,
                0.3048
            ],
            [
                -0.0007716079132750229,
                0.00018610743356176865,
                0.3048
            ]
        ],
        "type": "LineString"
    },
    "properties": {
        "Id": "{21106575-af51-3fd0-b8ee-f717d9b8e73b}",
        "LaneType": "Sidewalk",
        "LeftBoundary": {
            "Dir": "Forward",
            "Id": "{f5c636c9-fe9b-37ee-a735-19bec1ae5b9c}"
        },
        "Predecessors": [
        ],
        "RightBoundary": {
            "Dir": "Forward",
            "Id": "{18c23746-f77d-3ab4-94da-f0791d2770a4}"
        },
        "Successors": [
            {
                "Dir": "Forward",
                "Id": "{cd39d1a2-b3c8-3b09-8985-47f47319a1c4}"
            }
        ],
        "TravelDir": "Undirected",
        "Type": "Lane"
    },
    "type": "Feature"
}
,{
    "geometry": {
        "coordinates": [
            [
                -0.0008408231059098962,
                0.0001861074335585838,
                0
            ],
            [
                -0.0008408231059112744,
                0.00021323852333183735,
                0
            ]
        ],
        "type": "LineString"
    },
    "properties": {
        "Id": "{9a447b4b-98c0-362b-bb41-a7cb9ae6fa44}",
        "LaneType": "Driving",
        "LeftBoundary": {
            "Dir": "Forward",
            "Id": "{dcc16664-15c9-3c9e-8d7d-bf69ff0b80bb}"
        },
        "Predecessors": [
            {
                "Dir": "Forward",
                "Id": "{c53bd0d6-9aa8-30aa-a942-233559d0b4c9}"
            }
        ],
        "RightBoundary": {
            "Dir": "Forward",
            "Id": "{a154847d-ac75-3d3c-a7fe-97ae4bbd3332}"
        },
        "SpeedLimit": "40mph",
        "Successors": [
            {
                "Dir": "Forward",
                "Id": "{a4e1ad18-5dea-356c-b94c-19a60c5b8611}"
            }
        ],
        "TravelDir": "Forward",
        "Type": "Lane"
    },
    "type": "Feature"
}
,{
    "geometry": {
        "coordinates": [
            [
                -0.0007775817099138986,
                0.00018610743356150457,
                0.1524
            ],
            [
                -0.0007775817099151733,
                0.00021323852333518387,
                0.1524
            ]
        ],
        "type": "LineString"
    },
    "properties": {
        "Id": "{4f3a9a62-8f0a-3e91-93df-ea452593e91a}",
        "LaneType": "Curb",
        "LeftBoundary": {
            "Dir": "Forward",
            "Id": "{d6027fb8-e567-3131-99bd-514f6b1f6b09}"
        },
        "Predecessors": [
            {
                "Dir": "Forward",
                "Id": "{94b78e90-f5c5-3a78-9678-582898bde3de}"
            }
        ],
        "RightBoundary": {
            "Dir": "Forward",
            "Id": "{3928755d-3f14-3093-91b0-97191bb15e59}"
        },
        "Successors": [
            {
                "Dir": "Forward",
                "Id": "{8e8ae07c-9574-3b5a-be98-1f4ff8c50fef}"
            }
        ],
        "TravelDir": "Undirected",
        "Type": "Lane"
    },
    "type": "Feature"
}
,{
    "geometry": {
        "coordinates": [
            [
                -0.0007716079132750229,
                0.00018610743356176865,
                0.3048
            ],
            [
                -0.0007716079132762877,
                0.0002132385233354865,
                0.3048
            ]
        ],
        "type": "LineString"
    },
    "properties": {
        "Id": "{cd39d1a2-b3c8-3b09-8985-47f47319a1c4}",
        "LaneType": "Sidewalk",
        "LeftBoundary": {
            "Dir": "Forward",
            "Id": "{3928755d-3f14-3093-91b0-97191bb15e59}"
        },
        "Predecessors": [
            {
                "Dir": "Forward",
                "Id": "{21106575-af51-3fd0-b8ee-f717d9b8e73b}"
            }
        ],
        "RightBoundary": {
            "Dir": "Forward",
            "Id": "{47a167c1-4364-357c-b283-55d17e2b9657}"
        },
        "Successors": [
            {
                "Dir": "Forward",
                "Id": "{1feb0136-ddc8-3a04-b45a-d8eb0759a2db}"
            }
        ],
        "TravelDir": "Undirected",
        "Type": "Lane"
    },
    "type": "Feature"
}
,{
    "geometry": {
        "coordinates": [
            [
                -0.0008408231059112744,
                0.00021323852333183735,
                0
            ],
            [
                -0.0008408231059164651,
                0.0002937273947059447,
                0
            ],
            [
                -0.0008408231059233042,
                0.00037421626608004046,
                0
            ]
        ],
        "type": "LineString"
    },
    "properties": {
        "Id": "{a4e1ad18-5dea-356c-b94c-19a60c5b8611}",
        "LaneType": "Driving",
        "LeftBoundary": {
            "Dir": "Forward",
            "Id": "{ddf98736-598b-3c74-9d64-bfa30f5d5f69}"
        },
        "Predecessors": [
            {
                "Dir": "Forward",
                "Id": "{9a447b4b-98c0-362b-bb41-a7cb9ae6fa44}"
            }
        ],
        "RightBoundary": {
            "Dir": "Forward",
            "Id": "{26e66d81-6e49-3869-9524-91625d20d243}"
        },
        "SpeedLimit": "40mph",
        "Successors": [
            {
                "Dir": "Forward",
                "Id": "{1aadd6ce-aa11-36f5-b1c7-2052476a406e}"
            }
        ],
        "TravelDir": "Forward",
        "Type": "Lane"
    },
    "type": "Feature"
}
,{
    "geometry": {
        "coordinates": [
            [
                -0.0007775817099151733,
                0.00021323852333518387,
                0.1524
            ],
            [
                -0.0007775817099199735,
                0.0002937273947105544,
                0.1524
            ],
            [
                -0.000777581709926298,
                0.00037421626608591336,
                0.1524
            ]
        ],
        "type": "LineString"
    },
    "properties": {
        "Id": "{8e8ae07c-9574-3b5a-be98-1f4ff8c50fef}",
        "LaneType": "Curb",
        "LeftBoundary": {
            "Dir": "Forward",
            "Id": "{8285da29-7863-3bb0-8273-6d87561daced}"
        },
        "Predecessors": [
            {
                "Dir": "Forward",
                "Id": "{4f3a9a62-8f0a-3e91-93df-ea452593e91a}"
            }
        ],
        "RightBoundary": {
            "Dir": "Forward",
            "Id": "{33116212-a08a-398e-9a8e-c72a03a8325e}"
        },
        "Successors": [
            {
                "Dir": "Forward",
                "Id": "{067753ec-02d7-3fa7-b9e7-a369c3df2045}"
            }
        ],
        "TravelDir": "Undirected",
        "Type": "Lane"
    },
    "type": "Feature"
}
,{
    "geometry": {
        "coordinates": [
            [
                -0.0007716079132762877,
                0.0002132385233354865,
                0.3048
            ],
            [
                -0.000771607913281051,
                0.00029372739471097124,
                0.3048
            ],
            [
                -0.000771607913287327,
                0.0003742162660864444,
                0.3048
            ]
        ],
        "type": "LineString"
    },
    "properties": {
        "Id": "{1feb0136-ddc8-3a04-b45a-d8eb0759a2db}",
        "LaneType": "Sidewalk",
        "LeftBoundary": {
            "Dir": "Forward",
            "Id": "{33116212-a08a-398e-9a8e-c72a03a8325e}"
        },
        "Predecessors": [
            {
                "Dir": "Forward",
                "Id": "{cd39d1a2-b3c8-3b09-8985-47f47319a1c4}"
            }
        ],
        "RightBoundary": {
            "Dir": "Forward",
            "Id": "{5b9947e6-7a45-3310-9ff4-eed52c3541c5}"
        },
        "Successors": [
            {
                "Dir": "Forward",
                "Id": "{6ba350bc-d4dd-3495-a66e-10e629a1156b}"
            }
        ],
        "TravelDir": "Undirected",
        "Type": "Lane"
    },
    "type": "Feature"
}
,{
    "geometry": {
        "coordinates": [
            [
                -0.0008408231059233042,
                0.00037421626608004046,
                0
            ],
            [
                -0.0008408231059259808,
                0.000401347345493129,
                0
            ]
        ],
        "type": "LineString"
    },
    "properties": {
        "Id": "{1aadd6ce-aa11-36f5-b1c7-2052476a406e}",
        "LaneType": "Driving",
        "LeftBoundary": {
            "Dir": "Forward",
            "Id": "{a52f2498-b7e2-35de-b731-626f9fa58ccc}"
        },
        "Predecessors": [
            {
                "Dir": "Forward",
                "Id": "{a4e1ad18-5dea-356c-b94c-19a60c5b8611}"
            }
        ],
        "RightBoundary": {
            "Dir": "Forward",
            "Id": "{5e256edb-0f6f-3354-8db2-2e9a4a03290e}"
        },
        "SpeedLimit": "40mph",
        "Successors": [
            {
                "Dir": "Forward",
                "Id": "{9454d8d0-061f-3bf5-8521-ed9093c7bec5}"
            }
        ],
        "TravelDir": "Forward",
        "Type": "Lane"
    },
    "type": "Feature"
}
,{
    "geometry": {
        "coordinates": [
            [
                -0.000777581709926298,
                0.00037421626608591336,
                0.1524
            ],
            [
                -0.0007775817099287734,
                0.00040134734549942766,
                0.1524
            ]
        ],
        "type": "LineString"
    },
    "properties": {
        "Id": "{067753ec-02d7-3fa7-b9e7-a369c3df2045}",
        "LaneType": "Curb",
        "LeftBoundary": {
            "Dir": "Forward",
            "Id": "{bf1ab499-6ab6-3881-9d25-b7ad476eaaf7}"
        },
        "Predecessors": [
            {
                "Dir": "Forward",
                "Id": "{8e8ae07c-9574-3b5a-be98-1f4ff8c50fef}"
            }
        ],
        "RightBoundary": {
            "Dir": "Forward",
            "Id": "{e4bcaf02-1efe-36ae-8067-74fae602a0ce}"
        },
        "Successors": [
            {
                "Dir": "Forward",
                "Id": "{bb6e0c7b-92ea-37a6-8f85-cc02ef0c68c0}"
            }
        ],
        "TravelDir": "Undirected",
        "Type": "Lane"
    },
    "type": "Feature"
}
,{
    "geometry": {
        "coordinates": [
            [
                -0.000771607913287327,
                0.0003742162660864444,
                0.3048
            ],
            [
                -0.0007716079132897833,
                0.0004013473454999972,
                0.3048
            ]
        ],
        "type": "LineString"
    },
    "properties": {
        "Id": "{6ba350bc-d4dd-3495-a66e-10e629a1156b}",
        "LaneType": "Sidewalk",
        "LeftBoundary": {
            "Dir": "Forward",
            "Id": "{e4bcaf02-1efe-36ae-8067-74fae602a0ce}"
        },
        "Predecessors": [
            {
                "Dir": "Forward",
                "Id": "{1feb0136-ddc8-3a04-b45a-d8eb0759a2db}"
            }
        ],
        "RightBoundary": {
            "Dir": "Forward",
            "Id": "{f27d436b-dd08-3e48-8380-b1bff9ceb609}"
        },
        "Successors": [
            {
                "Dir": "Forward",
                "Id": "{815ad69a-fff8-3856-b9c5-0af77526239a}"
            }
        ],
        "TravelDir": "Undirected",
        "Type": "Lane"
    },
    "type": "Feature"
}
,{
    "geometry": {
        "coordinates": [
            [
                -0.0009099484670325343,
                0.00040134734548568117,
                0.3048
            ],
            [
                -0.0009099484670410267,
                0.0004719845158234346,
                0.3048
            ],
            [
                -0.0009099484670508929,
                0.0005426216861611737,
                0.3048
            ]
        ],
        "type": "LineString"
    },
    "properties": {
        "Id": "{1df8ba08-50c8-3fae-8496-4dc488e1abc3}",
        "LaneType": "Sidewalk",
        "LeftBoundary": {
            "Dir": "Forward",
            "Id": "{92fc3f90-cc52-37b9-b635-34c66d042ec1}"
        },
        "Predecessors": [
            {
                "Dir": "Backward",
                "Id": "{60944836-0e47-3c29-88a7-e35912066944}"
            }
        ],
        "RightBoundary": {
            "Dir": "Forward",
            "Id": "{8556f446-ba25-3bf8-8a19-5016c545ea65}"
        },
        "Successors": [
        ],
        "TravelDir": "Undirected",
        "Type": "Lane"
    },
    "type": "Feature"
}
,{
    "geometry": {
        "coordinates": [
            [
                -0.00090401958615795,
                0.00040134734548634296,
                0.1524
            ],
            [
                -0.0009040195861663873,
                0.00047198451582421293,
                0.1524
            ],
            [
                -0.000904019586176189,
                0.0005426216861620685,
                0.1524
            ]
        ],
        "type": "LineString"
    },
    "properties": {
        "Id": "{24646256-6cc6-3b3b-8a07-945c76163079}",
        "LaneType": "Curb",
        "LeftBoundary": {
            "Dir": "Forward",
            "Id": "{8556f446-ba25-3bf8-8a19-5016c545ea65}"
        },
        "Predecessors": [
            {
                "Dir": "Backward",
                "Id": "{f6b84d9a-6142-3061-9d14-44e07ad6f345}"
            }
        ],
        "RightBoundary": {
            "Dir": "Forward",
            "Id": "{f8a07d60-d14f-3e47-a041-5585f2164164}"
        },
        "Successors": [
        ],
        "TravelDir": "Undirected",
        "Type": "Lane"
    },
    "type": "Feature"
}
,{
    "geometry": {
        "coordinates": [
            [
                -0.0008983152841043594,
                0.0004013473454869757,
                0
            ],
            [
                -0.0008983152841127434,
                0.000471984515824957,
                0
            ],
            [
                -0.0008983152841224835,
                0.0005426216861629241,
                0
            ]
        ],
        "type": "LineString"
    },
    "properties": {
        "Id": "{a9bbda3b-271c-34b6-9e3c-15d2ceca44cc}",
        "LaneType": "Shoulder",
        "LeftBoundary": {
            "Dir": "Forward",
            "Id": "{f8a07d60-d14f-3e47-a041-5585f2164164}"
        },
        "Predecessors": [
        ],
        "RightBoundary": {
            "Dir": "Forward",
            "Id": "{116a91ab-b32b-3515-80c8-6c4705aa4063}"
        },
        "Successors": [
        ],
        "TravelDir": "Undirected",
        "Type": "Lane"
    },
    "type": "Feature"
}
,{
    "geometry": {
        "coordinates": [
            [
                -0.0008408231059259808,
                0.000401347345493129,
                0
            ],
            [
                -0.0008408231059338283,
                0.00047198451583219326,
                0
            ],
            [
                -0.0008408231059429449,
                0.0005426216861712434,
                0
            ]
        ],
        "type": "LineString"
    },
    "properties": {
        "Id": "{9454d8d0-061f-3bf5-8521-ed9093c7bec5}",
        "LaneType": "Driving",
        "LeftBoundary": {
            "Dir": "Forward",
            "Id": "{116a91ab-b32b-3515-80c8-6c4705aa4063}"
        },
        "Predecessors": [
            {
                "Dir": "Forward",
                "Id": "{823c7d10-284f-3a51-9ab7-37315a521c9e}"
            },
            {
                "Dir": "Forward",
                "Id": "{1aadd6ce-aa11-36f5-b1c7-2052476a406e}"
            }
        ],
        "RightBoundary": {
            "Dir": "Forward",
            "Id": "{938bb42b-33d0-3916-9174-4b1b42a7fb1f}"
        },
        "SpeedLimit": "40mph",
        "Successors": [
        ],
        "TravelDir": "Forward",
        "Type": "Lane"
    },
    "type": "Feature"
}
,{
    "geometry": {
        "coordinates": [
            [
                -0.0007833309277467449,
                0.0004013473454988754,
                0
            ],
            [
                -0.0007833309277540557,
                0.00047198451583895103,
                0
            ],
            [
                -0.0007833309277625491,
                0.0005426216861790124,
                0
            ]
        ],
        "type": "LineString"
    },
    "properties": {
        "Id": "{919a7449-3675-37d5-8d6a-0d0fef0fe628}",
        "LaneType": "Shoulder",
        "LeftBoundary": {
            "Dir": "Forward",
            "Id": "{938bb42b-33d0-3916-9174-4b1b42a7fb1f}"
        },
        "Predecessors": [
        ],
        "RightBoundary": {
            "Dir": "Forward",
            "Id": "{e072aeb0-ffad-3c9f-83da-a452b7fb2f44}"
        },
        "Successors": [
        ],
        "TravelDir": "Undirected",
        "Type": "Lane"
    },
    "type": "Feature"
}
,{
    "geometry": {
        "coordinates": [
            [
                -0.0007775817099287734,
                0.00040134734549942766,
                0.1524
            ],
            [
                -0.0007775817099360306,
                0.0004719845158396006,
                0.1524
            ],
            [
                -0.0007775817099444617,
                0.0005426216861797591,
                0.1524
            ]
        ],
        "type": "LineString"
    },
    "properties": {
        "Id": "{bb6e0c7b-92ea-37a6-8f85-cc02ef0c68c0}",
        "LaneType": "Curb",
        "LeftBoundary": {
            "Dir": "Forward",
            "Id": "{e072aeb0-ffad-3c9f-83da-a452b7fb2f44}"
        },
        "Predecessors": [
            {
                "Dir": "Forward",
                "Id": "{067753ec-02d7-3fa7-b9e7-a369c3df2045}"
            }
        ],
        "RightBoundary": {
            "Dir": "Forward",
            "Id": "{717e1e93-c667-3f6b-956e-3c2ae6c5f49b}"
        },
        "Successors": [
        ],
        "TravelDir": "Undirected",
        "Type": "Lane"
    },
    "type": "Feature"
}
,{
    "geometry": {
        "coordinates": [
            [
                -0.0007716079132897833,
                0.0004013473454999972,
                0.3048
            ],
            [
                -0.0007716079132969848,
                0.00047198451584027024,
                0.3048
            ],
            [
                -0.000771607913305351,
                0.0005426216861805291,
                0.3048
            ]
        ],
        "type": "LineString"
    },
    "properties": {
        "Id": "{815ad69a-fff8-3856-b9c5-0af77526239a}",
        "LaneType": "Sidewalk",
        "LeftBoundary": {
            "Dir": "Forward",
            "Id": "{717e1e93-c667-3f6b-956e-3c2ae6c5f49b}"
        },
        "Predecessors": [
            {
                "Dir": "Forward",
                "Id": "{6ba350bc-d4dd-3495-a66e-10e629a1156b}"
            }
        ],
        "RightBoundary": {
            "Dir": "Forward",
            "Id": "{dd9c1c34-d934-3cc0-9288-1bf6832849d3}"
        },
        "Successors": [
        ],
        "TravelDir": "Undirected",
        "Type": "Lane"
    },
    "type": "Feature"
}
,{
    "geometry": {
        "coordinates": [
            [
                -0.0010216189945538544,
                0.0003680665705781174,
                0.3048
            ],
            [
                -0.0009432310538867956,
                0.0003680665705868099,
                0.3048
            ]
        ],
        "type": "LineString"
    },
    "properties": {
        "Id": "{15c54d64-5eec-3b89-ae56-0ab1d833fa5b}",
        "RightLane": {
            "Dir": "Forward",
            "Id": "{29b36526-764d-3eb2-9fc0-62941f14ceb6}"
        },
        "Type": "LaneBoundary"
    },
    "type": "Feature"
}
,{
    "geometry": {
        "coordinates": [
            [
                -0.001021618994553803,
                0.0003676143858396648,
                0.3048
            ],
            [
                -0.000943231053886748,
                0.00036761438584834665,
                0.3048
            ]
        ],
        "type": "LineString"
    },
    "properties": {
        "Id": "{568f4d52-8d9f-366a-a75a-f90ac47c93fd}",
        "LeftLane": {
            "Dir": "Forward",
            "Id": "{29b36526-764d-3eb2-9fc0-62941f14ceb6}"
        },
        "RightLane": {
            "Dir": "Forward",
            "Id": "{81573626-7778-3f35-98c7-9fec28320bb4}"
        },
        "Type": "LaneBoundary"
    },
    "type": "Feature"
}
,{
    "geometry": {
        "coordinates": [
            [
                -0.0010216189945525182,
                0.00035612889348296756,
                0
            ],
            [
                -0.0009432310538855618,
                0.0003561288934913782,
                0
            ]
        ],
        "type": "LineString"
    },
    "properties": {
        "Id": "{8904b219-1442-31a6-aa8b-6c534b5842a9}",
        "LeftLane": {
            "Dir": "Forward",
            "Id": "{81573626-7778-3f35-98c7-9fec28320bb4}"
        },
        "RightLane": {
            "Dir": "Forward",
            "Id": "{e18aa179-1240-36fd-b8df-2c145bc68499}"
        },
        "Type": "LaneBoundary"
    },
    "type": "Feature"
}
,{
    "geometry": {
        "coordinates": [
            [
                -0.0010216189945520236,
                0.000351607046098441,
                0
            ],
            [
                -0.0009432310538851052,
                0.00035160704610674476,
                0
            ]
        ],
        "type": "LineString"
    },
    "properties": {
        "Id": "{ff7d4c74-eed8-37e4-ae0c-f1399cca93fa}",
        "LeftLane": {
            "Dir": "Forward",
            "Id": "{e18aa179-1240-36fd-b8df-2c145bc68499}"
        },
        "RightLane": {
            "Dir": "Forward",
            "Id": "{58566cd9-67f2-3f0f-8635-74095016e852}"
        },
        "Type": "LaneBoundary"
    },
    "type": "Feature"
}
,{
    "geometry": {
        "coordinates": [
            [
                -0.001021618994541513,
                0.00023584775305454886,
                0
            ],
            [
                -0.0009432310538754012,
                0.00023584775306011881,
                0
            ]
        ],
        "type": "LineString"
    },
    "properties": {
        "Id": "{d38d30a6-0afc-344c-ab50-700f6cfea3d4}",
        "LeftLane": {
            "Dir": "Forward",
            "Id": "{58566cd9-67f2-3f0f-8635-74095016e852}"
        },
        "RightLane": {
            "Dir": "Forward",
            "Id": "{7bdfd3ac-79bc-3e15-abf3-aaba320343cf}"
        },
        "Type": "LaneBoundary"
    },
    "type": "Feature"
}
,{
    "geometry": {
        "coordinates": [
            [
                -0.0010216189945411866,
                0.00023132590567002137,
                0
            ],
            [
                -0.0009432310538750996,
                0.0002313259056754845,
                0
            ]
        ],
        "type": "LineString"
    },
    "properties": {
        "Id": "{a98bd817-d2ff-3751-bc37-703e1a8bb432}",
        "LeftLane": {
            "Dir": "Forward",
            "Id": "{7bdfd3ac-79bc-3e15-abf3-aaba320343cf}"
        },
        "RightLane": {
            "Dir": "Forward",
            "Id": "{68b33bd6-a8eb-39b5-b7df-1ba6aada9384}"
        },
        "Type": "LaneBoundary"
    },
    "type": "Feature"
}
,{
    "geometry": {
        "coordinates": [
            [
                -0.0010216189945403853,
                0.00021984041331332138,
                0.3048
            ],
            [
                -0.0009432310538743604,
                0.00021984041331851327,
                0.3048
            ]
        ],
        "type": "LineString"
    },
    "properties": {
        "Id": "{76e61fce-6f7e-313b-88e2-3a3fd96a651c}",
        "LeftLane": {
            "Dir": "Forward",
            "Id": "{68b33bd6-a8eb-39b5-b7df-1ba6aada9384}"
        },
        "RightLane": {
            "Dir": "Forward",
            "Id": "{6e47d457-1a46-34e6-b067-1c73020f200d}"
        },
        "Type": "LaneBoundary"
    },
    "type": "Feature"
}
,{
    "geometry": {
        "coordinates": [
            [
                -0.0010216189945403548,
                0.00021938822857486855,
                0.3048
            ],
            [
                -0.0009432310538743319,
                0.00021938822858004982,
                0.3048
            ]
        ],
        "type": "LineString"
    },
    "properties": {
        "Id": "{fad166df-4392-326e-9c94-f77cc1798568}",
        "LeftLane": {
            "Dir": "Forward",
            "Id": "{6e47d457-1a46-34e6-b067-1c73020f200d}"
        },
        "Type": "LaneBoundary"
    },
    "type": "Feature"
}
,{
    "geometry": {
        "coordinates": [
            [
                -0.0008983152841043594,
                0.0004013473454869757,
                0
            ],
            [
                -0.000898315284102704,
                0.0003858745213195306,
                0
            ],
            [
                -0.0008983506053999635,
                0.00038440832157156206,
                0
            ],
            [
                -0.0008985418789682225,
                0.00038216766282036217,
                0
            ],
            [
                -0.0008988981260039702,
                0.00037994752686608386,
                0
            ],
            [
                -0.0008994173738683821,
                0.00037776020721846205,
                0
            ],
            [
                -0.0009000967473417332,
                0.0003756178156742222,
                0
            ],
            [
                -0.0009009324845443051,
                0.0003735322152506963,
                0
            ],
            [
                -0.0009019199577669704,
                0.0003715149544969993,
                0
            ],
            [
                -0.0009030536990960833,
                0.00036957720354650295,
                0
            ],
            [
                -0.0009043274306908414,
                0.00036772969226470396,
                0
            ],
            [
                -0.0009063735990697061,
                0.00036526941384082884,
                0
            ],
            [
                -0.0009067150714960057,
                0.00036490659256083126,
                0
            ],
            [
                -0.000908800688534738,
                0.0003629355029656466,
                0
            ],
            [
                -0.0009110722404537268,
                0.00036118504939476647,
                0
            ],
            [
                -0.0009135067977237349,
                0.00035967290129963823,
                0
            ],
            [
                -0.0009160797854047474,
                0.0003584143226254431,
                0
            ],
            [
                -0.0009187652312107031,
                0.0003574220177335798,
                0
            ],
            [
                -0.0009215360276792422,
                0.00035670600316113285,
                0
            ],
            [
                -0.0009243642058002091,
                0.0003562735065118117,
                0
            ],
            [
                -0.0009272212173255671,
                0.00035612889349301345,
                0
            ],
            [
                -0.0009311058814077902,
                0.0003561288934926192,
                0
            ],
            [
                -0.0009432310538855618,
                0.0003561288934913782,
                0
            ]
        ],
        "type": "LineString"
    },
    "properties": {
        "Id": "{5d5a7911-fd70-3c60-a7c5-50f7e3c2bdbd}",
        "RightLane": {
            "Dir": "Forward",
            "Id": "{f6b84d9a-6142-3061-9d14-44e07ad6f345}"
        },
        "Type": "LaneBoundary"
    },
    "type": "Feature"
}
,{
    "geometry": {
        "coordinates": [
            [
                -0.0009097238882115259,
                0.0004013473454857063,
                0.3048
            ],
            [
                -0.0009097238882098494,
                0.00038587452131831005,
                0.3048
            ],
            [
                -0.0009097457861603665,
                0.0003849653161644768,
                0.30479999999999996
            ],
            [
                -0.0009098643689831368,
                0.00038357618727431715,
                0.3048
            ],
            [
                -0.0009100852294997753,
                0.0003821997817897609,
                0.30480000000000007
            ],
            [
                -0.0009104071447442076,
                0.00038084372125046675,
                0.3048
            ],
            [
                -0.000910828332182293,
                0.00037951551454047764,
                0.3048
            ],
            [
                -0.0009113464595821258,
                0.00037822251630944376,
                0.3048
            ],
            [
                -0.0009119586579283132,
                0.0003769718862478832,
                0.3048
            ],
            [
                -0.0009126615373084941,
                0.0003757705494419852,
                0.30480000000000007
            ],
            [
                -0.0009134512056842042,
                0.0003746251580274851,
                0.3048
            ],
            [
                -0.0009147197574472417,
                0.000373099872735996,
                0.3048
            ],
            [
                -0.0009149314466345821,
                0.00037287494854015797,
                0.3048
            ],
            [
                -0.0009161813777492093,
                0.00037169365486590996,
                0.3048
            ],
            [
                -0.0009175427414939982,
                0.00037064459056391195,
                0.3048
            ],
            [
                -0.000919001795973134,
                0.0003697383451128328,
                0.3048
            ],
            [
                -0.0009205438131797212,
                0.0003689840663474184,
                0.3048
            ],
            [
                -0.0009221532276633919,
                0.0003683893681182992,
                0.30480000000000007
            ],
            [
                -0.0009238137936513103,
                0.0003679602534361574,
                0.3048
            ],
            [
                -0.0009255087490364497,
                0.0003677010538760587,
                0.3048
            ],
            [
                -0.0009272212173267334,
                0.0003676143858500346,
                0.3048
            ],
            [
                -0.0009311058814089613,
                0.0003676143858496277,
                0.3048
            ],
            [
                -0.000943231053886748,
                0.00036761438584834665,
                0.3048
            ]
        ],
        "type": "LineString"
    },
    "properties": {
        "Id": "{54694dac-3f4e-3b7e-a1c6-bcbd10c85c58}",
        "LeftLane": {
            "Dir": "Forward",
            "Id": "{f6b84d9a-6142-3061-9d14-44e07ad6f345}"
        },
        "RightLane": {
            "Dir": "Forward",
            "Id": "{60944836-0e47-3c29-88a7-e35912066944}"
        },
        "Type": "LaneBoundary"
    },
    "type": "Feature"
}
,{
    "geometry": {
        "coordinates": [
            [
                -0.0009101730458535419,
                0.0004013473454856559,
                0.3048
            ],
            [
                -0.0009101730458518649,
                0.00038587452131826164,
                0.3048
            ],
            [
                -0.0009101944153241608,
                0.00038498724508545724,
                0.30479999999999996
            ],
            [
                -0.0009103101363065547,
                0.00038363164099297636,
                0.3048
            ],
            [
                -0.000910525666645274,
                0.00038228845324344836,
                0.30480000000000007
            ],
            [
                -0.0009108398128889281,
                0.0003809651194407023,
                0.3048
            ],
            [
                -0.0009112508355224735,
                0.00037966896725174674,
                0.3048
            ],
            [
                -0.0009117564585993644,
                0.000378407173831441,
                0.3048
            ],
            [
                -0.0009123538823441133,
                0.00037718672608059425,
                0.3048
            ],
            [
                -0.0009130397986554378,
                0.00037601438195755454,
                0.30480000000000007
            ],
            [
                -0.0009138104094240958,
                0.00037489663305751504,
                0.3048
            ],
            [
                -0.0009150483463597465,
                0.00037340815851926937,
                0.3048
            ],
            [
                -0.000915254925970743,
                0.0003731886633424928,
                0.3048
            ],
            [
                -0.0009164719560647397,
                0.0003720384639958407,
                0.3048
            ],
            [
                -0.0009177974856294393,
                0.00037101701344458617,
                0.3048
            ],
            [
                -0.0009192181344868948,
                0.000370134622428312,
                0.3048
            ],
            [
                -0.0009207195623047199,
                0.00036940019799001526,
                0.3048
            ],
            [
                -0.0009222866133505104,
                0.0003688211535665161,
                0.30480000000000007
            ],
            [
                -0.0009239034694769828,
                0.00036840333415564624,
                0.3048
            ],
            [
                -0.0009255538097937813,
                0.00036815095731559586,
                0.3048
            ],
            [
                -0.00092722121732678,
                0.0003680665705884999,
                0.3048
            ],
            [
                -0.0009311058814090078,
                0.00036806657058809257,
                0.3048
            ],
            [
                -0.0009432310538867956,
                0.0003680665705868099,
                0.3048
            ]
        ],
        "type": "LineString"
    },
    "properties": {
        "Id": "{e8b8f32f-5693-383b-bdc7-77824f7c3fe9}",
        "LeftLane": {
            "Dir": "Forward",
            "Id": "{60944836-0e47-3c29-88a7-e35912066944}"
        },
        "Type": "LaneBoundary"
    },
    "type": "Feature"
}
,{
    "geometry": {
        "coordinates": [
            [
                -0.0009432310538851052,
                0.00035160704610674476,
                0
            ],
            [
                -0.0009424488182845552,
                0.0003516070461068243,
                0
            ],
            [
                -0.0009404877912821116,
                0.00035165367849763644,
                0
            ],
            [
                -0.0009385311383739621,
                0.00035179347349767367,
                0
            ],
            [
                -0.0009365832239422707,
                0.00035202611928938866,
                0
            ],
            [
                -0.0009346483928771118,
                0.0003523510969483471,
                0
            ],
            [
                -0.0009327309608856883,
                0.00035276768160071183,
                0
            ],
            [
                -0.0009308352048659611,
                0.00035327494404009777,
                0
            ],
            [
                -0.0009289653533668697,
                0.0003538717528001999,
                0
            ],
            [
                -0.0009271255771564651,
                0.00035455677667856723,
                0
            ],
            [
                -0.0009252026544775926,
                0.0003553821796963419,
                0
            ],
            [
                -0.0009233234191952064,
                0.000356303940519763,
                0
            ],
            [
                -0.0009214926317296306,
                0.0003573197241729914,
                0
            ],
            [
                -0.000919714929774729,
                0.000358426957504481,
                0
            ],
            [
                -0.0009179948165497815,
                0.00035962283570520554,
                0
            ],
            [
                -0.000916336649392094,
                0.0003609043294137151,
                0
            ],
            [
                -0.000914744628719111,
                0.00036226819239001777,
                0
            ],
            [
                -0.0009132227873880701,
                0.0003637109697388561,
                0
            ],
            [
                -0.0009109730897850461,
                0.00036613956566609873,
                0
            ],
            [
                -0.0009107572339688635,
                0.00036639403126191816,
                0
            ],
            [
                -0.0009087330542892657,
                0.00036895656619260434,
                0
            ],
            [
                -0.0009068703409213484,
                0.00037164034627087527,
                0
            ],
            [
                -0.0009051762401219142,
                0.00037443507523644034,
                0
            ],
            [
                -0.000903657251269559,
                0.00037733003117616505,
                0
            ],
            [
                -0.000902319201929944,
                0.00038031410765844296,
                0
            ],
            [
                -0.0009011672254984598,
                0.0003833758563427643,
                0
            ],
            [
                -0.0009002057415060717,
                0.0003865035309010098,
                0
            ],
            [
                -0.0008994384386639283,
                0.0003896851320819677,
                0
            ],
            [
                -0.0008989480480920387,
                0.00039237817642945024,
                0
            ],
            [
                -0.0008985968265921638,
                0.0003950931715112314,
                0
            ],
            [
                -0.0008983857164653477,
                0.0003978228331983754,
                0
            ],
            [
                -0.0008983152841042738,
                0.0004005598380121481,
                0
            ],
            [
                -0.0008983152841043594,
                0.0004013473454869757,
                0
            ]
        ],
        "type": "LineString"
    },
    "properties": {
        "Id": "{4a40aeea-4632-3a60-9ac8-010eb1dd6de3}",
        "RightLane": {
            "Dir": "Forward",
            "Id": "{823c7d10-284f-3a51-9ab7-37315a521c9e}"
        },
        "Type": "LaneBoundary"
    },
    "type": "Feature"
}
,{
    "geometry": {
        "coordinates": [
            [
                -0.0009432310538754012,
                0.00023584775306011881,
                0
            ],
            [
                -0.000942448818274859,
                0.00023584775306017213,
                0
            ],
            [
                -0.0009350588167079263,
                0.0002360234854407941,
                0
            ],
            [
                -0.0009276852450746539,
                0.00023655029755037952,
                0
            ],
            [
                -0.0009203446040555851,
                0.00023742701431643138,
                0
            ],
            [
                -0.000913053267202803,
                0.0002386516801920727,
                0
            ],
            [
                -0.0009058274980937566,
                0.0002402215635179794,
                0
            ],
            [
                -0.0008986834140547959,
                0.00024213316261543854,
                0
            ],
            [
                -0.0008916369502108936,
                0.00024438221359696495,
                0
            ],
            [
                -0.0008847038239418581,
                0.0002469636998770476,
                0
            ],
            [
                -0.0008810611524264923,
                0.00024847304536926355,
                0
            ],
            [
                -0.000877457363387125,
                0.00025007419957383617,
                0
            ],
            [
                -0.0008738947394367516,
                0.0002517661483316723,
                0
            ],
            [
                -0.0008703755371147386,
                0.00025354781997508736,
                0
            ],
            [
                -0.0008669019854575054,
                0.0002554180860065928,
                0
            ],
            [
                -0.0008634762845866785,
                0.00025737576181367715,
                0
            ],
            [
                -0.0008601006043155667,
                0.00025941960741913093,
                0
            ],
            [
                -0.0008567770827747966,
                0.00026154832826643976,
                0
            ],
            [
                -0.0008535078250580398,
                0.0002637605760397455,
                0
            ],
            [
                -0.0008502949018886799,
                0.00026605494951785995,
                0
            ],
            [
                -0.0008471403483082152,
                0.0002684299954617881,
                0
            ],
            [
                -0.000844046162387277,
                0.0002708842095351986,
                0
            ],
            [
                -0.0008410143039600901,
                0.00027341603725725925,
                0
            ],
            [
                -0.0008380466933830905,
                0.00027602387498723346,
                0
            ],
            [
                -0.0008351452103186082,
                0.0002787060709402141,
                0
            ],
            [
                -0.0008323116925443271,
                0.00028146092623335215,
                0
            ],
            [
                -0.0008279824594352147,
                0.00028595219771319994,
                0
            ],
            [
                -0.0008238337931882933,
                0.0002906129970800728,
                0
            ],
            [
                -0.0008230204207051152,
                0.0002915718554900661,
                0
            ],
            [
                -0.0008197289996047265,
                0.00029560872263764313,
                0
            ],
            [
                -0.000816563340744817,
                0.00029974627454706215,
                0
            ],
            [
                -0.0008135264810980408,
                0.00030398054186073627,
                0
            ],
            [
                -0.0008106213340736195,
                0.0003083074624372218,
                0
            ],
            [
                -0.0008078506867223597,
                0.0003127228852482307,
                0
            ],
            [
                -0.0008052171970628948,
                0.0003172225743609172,
                0
            ],
            [
                -0.0008027233915317249,
                0.0003218022130016162,
                0
            ],
            [
                -0.0008003716625594828,
                0.00032645740769713825,
                0
            ],
            [
                -0.0007981642662757386,
                0.0003311836924896443,
                0
            ],
            [
                -0.0007961033203446067,
                0.0003359765332210593,
                0
            ],
            [
                -0.000794190801933157,
                0.0003408313318829142,
                0
            ],
            [
                -0.0007924285458146103,
                0.0003457434310274415,
                0
            ],
            [
                -0.0007908182426081649,
                0.0003507081182356952,
                0
            ],
            [
                -0.000789361437157111,
                0.00035572063063840615,
                0
            ],
            [
                -0.0007880595270467488,
                0.0003607761594852377,
                0
            ],
            [
                -0.0007869137612636467,
                0.0003658698547580572,
                0
            ],
            [
                -0.0007860763360501672,
                0.0003701550266573667,
                0
            ],
            [
                -0.000785349428232031,
                0.00037446059542360383,
                0
            ],
            [
                -0.0007847335254508696,
                0.00037878367269253795,
                0
            ],
            [
                -0.0007842290408812594,
                0.0003831213583544672,
                0
            ],
            [
                -0.0007838363129535563,
                0.00038747074249973954,
                0
            ],
            [
                -0.0007835556051268683,
                0.00039182890737084777,
                0
            ],
            [
                -0.0007833871057123159,
                0.00039619292931978884,
                0
            ],
            [
                -0.0007833309277466701,
                0.00040055983802402445,
                0
            ],
            [
                -0.0007833309277467449,
                0.0004013473454988754,
                0
            ]
        ],
        "type": "LineString"
    },
    "properties": {
        "Id": "{4fbd8381-1e78-34aa-87ca-2dafcf5f4d1d}",
        "LeftLane": {
            "Dir": "Forward",
            "Id": "{823c7d10-284f-3a51-9ab7-37315a521c9e}"
        },
        "Type": "LaneBoundary"
    },
    "type": "Feature"
}
,{
    "geometry": {
        "coordinates": [
            [
                -0.0009432310538750996,
                0.0002313259056754845,
                0
            ],
            [
                -0.0009260626983451093,
                0.00023132590567662286,
                0
            ],
            [
                -0.0009242161451117461,
                0.00023126633460993505,
                0
            ],
            [
                -0.0009224593753620632,
                0.00023109829391798915,
                0
            ],
            [
                -0.0009207161189733707,
                0.0002308222967139183,
                0
            ],
            [
                -0.000918992915297164,
                0.00023043937832605265,
                0
            ],
            [
                -0.0009172962284626347,
                0.00022995097516841868,
                0
            ],
            [
                -0.0009156324231282706,
                0.00022935891935242314,
                0
            ],
            [
                -0.0009140077406065733,
                0.00022866543181418537,
                0
            ],
            [
                -0.0009124282754514667,
                0.000227873113983302,
                0
            ],
            [
                -0.0009108999525962344,
                0.00022698493802429095,
                0
            ],
            [
                -0.0009087483417028748,
                0.0002255049553398547,
                0
            ],
            [
                -0.000906738352088708,
                0.0002238353174049435,
                0
            ],
            [
                -0.0009065799081586027,
                0.00022369001336436137,
                0
            ],
            [
                -0.0009047290346739978,
                0.0002217931620148338,
                0
            ],
            [
                -0.0009030828042663689,
                0.00021971388761685308,
                0
            ],
            [
                -0.0009016588486437777,
                0.00021747445993112416,
                0
            ],
            [
                -0.0009004724188702791,
                0.00021509886401345116,
                0
            ],
            [
                -0.0008995362220247763,
                0.00021261254332915228,
                0
            ],
            [
                -0.0008988602851037923,
                0.00021004212724462333,
                0
            ],
            [
                -0.0008984518476287734,
                0.00020741514581748617,
                0
            ],
            [
                -0.0008983152840881658,
                0.00020475973505397046,
                0
            ],
            [
                -0.0008983152840878208,
                0.00019846238548212704,
                0
            ],
            [
                -0.000898315284087175,
                0.00018610743355573057,
                0
            ]
        ],
        "type": "LineString"
    },
    "properties": {
        "Id": "{bf99556e-4cf0-339b-acd1-95adbaa631fb}",
        "RightLane": {
            "Dir": "Forward",
            "Id": "{8b892401-7216-3023-a4fe-953f85f09456}"
        },
        "Type": "LaneBoundary"
    },
    "type": "Feature"
}
,{
    "geometry": {
        "coordinates": [
            [
                -0.0009432310538743604,
                0.00021984041331851327,
                0.3048
            ],
            [
                -0.0009260626983443834,
                0.00021984041331959514,
                0.3048
            ],
            [
                -0.0009249469370298022,
                0.0002198044300975876,
                0.3048
            ],
            [
                -0.0009228327862421961,
                0.00021953621408133493,
                0.30480000000000007
            ],
            [
                -0.0009207670404646072,
                0.00021900990225997408,
                0.3048
            ],
            [
                -0.0009187806669587967,
                0.00021823338448912792,
                0.3048
            ],
            [
                -0.0009169034431296042,
                0.00021721830142145166,
                0.3048
            ],
            [
                -0.000915603787159912,
                0.00021632433479541773,
                0.3048
            ],
            [
                -0.0009143896759053508,
                0.00021531580908287692,
                0.3048
            ],
            [
                -0.0009142939696602031,
                0.00021522803983782144,
                0.3048
            ],
            [
                -0.0009132704883305758,
                0.00021417913475422918,
                0.3048
            ],
            [
                -0.0009123601752604696,
                0.00021302936212698806,
                0.3048
            ],
            [
                -0.0009115727730788049,
                0.00021179102982402874,
                0.3048
            ],
            [
                -0.000910916715139057,
                0.0002104774008185565,
                0.3048
            ],
            [
                -0.000910399028051822,
                0.00020910254453786417,
                0.30479999999999996
            ],
            [
                -0.0009100252564273354,
                0.00020768118617483274,
                0.30480000000000007
            ],
            [
                -0.0009097994034907639,
                0.0002062285489759517,
                0.30479999999999996
            ],
            [
                -0.0009097238881951267,
                0.00020475973505332284,
                0.3048
            ],
            [
                -0.0009097238881947771,
                0.0001984623854814993,
                0.3048
            ],
            [
                -0.0009097238881941233,
                0.00018610743355514193,
                0.3048
            ]
        ],
        "type": "LineString"
    },
    "properties": {
        "Id": "{52c5414f-45ba-3149-908e-cd3557348a6f}",
        "LeftLane": {
            "Dir": "Forward",
            "Id": "{8b892401-7216-3023-a4fe-953f85f09456}"
        },
        "RightLane": {
            "Dir": "Forward",
            "Id": "{42cf8664-f124-3d13-b0e0-a6dcb474619b}"
        },
        "Type": "LaneBoundary"
    },
    "type": "Feature"
}
,{
    "geometry": {
        "coordinates": [
            [
                -0.0009432310538743319,
                0.00021938822858004982,
                0.3048
            ],
            [
                -0.0009260626983443554,
                0.00021938822858112941,
                0.3048
            ],
            [
                -0.0009249757083651552,
                0.00021935317401442436,
                0.3048
            ],
            [
                -0.0009229161195992348,
                0.00021909188011942255,
                0.30480000000000007
            ],
            [
                -0.0009209036866064149,
                0.00021857915135806724,
                0.3048
            ],
            [
                -0.0009189685774451046,
                0.0002178226739645199,
                0.3048
            ],
            [
                -0.0009171398010246208,
                0.000216833788169372,
                0.3048
            ],
            [
                -0.0009158736865873567,
                0.00021596289304170037,
                0.3048
            ],
            [
                -0.0009146909091264755,
                0.00021498039536941034,
                0.3048
            ],
            [
                -0.000914597672868931,
                0.0002148948912737851,
                0.3048
            ],
            [
                -0.0009136067660335898,
                0.00021387936990145012,
                0.3048
            ],
            [
                -0.0009127254260870109,
                0.000212766191832112,
                0.3048
            ],
            [
                -0.0009119630850644353,
                0.00021156727273319875,
                0.3048
            ],
            [
                -0.0009113279079055453,
                0.0002102954534486791,
                0.3048
            ],
            [
                -0.000910826697580442,
                0.00020896435560907356,
                0.30479999999999996
            ],
            [
                -0.0009104648222274742,
                0.00020758823573901436,
                0.30480000000000007
            ],
            [
                -0.0009102461576585626,
                0.00020618183256486763,
                0.30479999999999996
            ],
            [
                -0.0009101730458371348,
                0.00020475973505329717,
                0.3048
            ],
            [
                -0.000910173045836785,
                0.00019846238548147446,
                0.3048
            ],
            [
                -0.0009101730458361308,
                0.0001861074335551186,
                0.3048
            ]
        ],
        "type": "LineString"
    },
    "properties": {
        "Id": "{9940f4d7-f339-3996-b743-193e8da808ef}",
        "LeftLane": {
            "Dir": "Forward",
            "Id": "{42cf8664-f124-3d13-b0e0-a6dcb474619b}"
        },
        "Type": "LaneBoundary"
    },
    "type": "Feature"
}
,{
    "geometry": {
        "coordinates": [
            [
                -0.0009101730458313615,
                0,
                0.3048
            ],
            [
                -0.0009101730458316596,
                4.652685838878118e-05,
                0.3048
            ],
            [
                -0.0009101730458325538,
                9.305371677756175e-05,
                0.3048
            ],
            [
                -0.0009101730458340441,
                0.00013958057516634108,
                0.3048
            ],
            [
                -0.0009101730458361308,
                0.0001861074335551185,
                0.3048
            ]
        ],
        "type": "LineString"
    },
    "properties": {
        "Id": "{9fc09a21-3273-3c7c-b8e1-3d872be99e72}",
        "RightLane": {
            "Dir": "Forward",
            "Id": "{740dbafa-f74c-3f2a-900f-2b3027d30270}"
        },
        "Type": "LaneBoundary"
    },
    "type": "Feature"
}
,{
    "geometry": {
        "coordinates": [
            [
                -0.0009097238881893563,
                0,
                0.3048
            ],
            [
                -0.0009097238881896541,
                4.6526858388787007e-05,
                0.3048
            ],
            [
                -0.0009097238881905481,
                9.305371677757342e-05,
                0.3048
            ],
            [
                -0.0009097238881920378,
                0.00013958057516635854,
                0.3048
            ],
            [
                -0.0009097238881941233,
                0.00018610743355514185,
                0.3048
            ]
        ],
        "type": "LineString"
    },
    "properties": {
        "Id": "{10d2485f-ed88-32cb-84a3-b75c71bab64c}",
        "LeftLane": {
            "Dir": "Forward",
            "Id": "{740dbafa-f74c-3f2a-900f-2b3027d30270}"
        },
        "RightLane": {
            "Dir": "Forward",
            "Id": "{69114fe0-929c-3ffd-8330-5dbc62b89058}"
        },
        "Type": "LaneBoundary"
    },
    "type": "Feature"
}
,{
    "geometry": {
        "coordinates": [
            [
                -0.0008983152840824678,
                0,
                0
            ],
            [
                -0.0008983152840827621,
                4.652685838893416e-05,
                0
            ],
            [
                -0.0008983152840836447,
                9.305371677786774e-05,
                0
            ],
            [
                -0.0008983152840851157,
                0.00013958057516680005,
                0
            ],
            [
                -0.000898315284087175,
                0.0001861074335557305,
                0
            ]
        ],
        "type": "LineString"
    },
    "properties": {
        "Id": "{116a8b3a-4137-3029-8dee-cd6fd0846193}",
        "LeftLane": {
            "Dir": "Forward",
            "Id": "{69114fe0-929c-3ffd-8330-5dbc62b89058}"
        },
        "RightLane": {
            "Dir": "Forward",
            "Id": "{f5763e23-55e5-36f2-ae12-3c7828cd2629}"
        },
        "Type": "LaneBoundary"
    },
    "type": "Feature"
}
,{
    "geometry": {
        "coordinates": [
            [
                -0.0008983152840824678,
                0,
                0
            ],
            [
                -0.0008983152840827621,
                4.652685838893416e-05,
                0
            ],
            [
                -0.0008983152840836447,
                9.305371677786774e-05,
                0
            ],
            [
                -0.0008983152840851157,
                0.00013958057516680005,
                0
            ],
            [
                -0.000898315284087175,
                0.0001861074335557305,
                0
            ]
        ],
        "type": "LineString"
    },
    "properties": {
        "Id": "{1d12d86d-d0dc-3c51-b36d-a6d49c3edb06}",
        "LeftLane": {
            "Dir": "Forward",
            "Id": "{f5763e23-55e5-36f2-ae12-3c7828cd2629}"
        },
        "RightLane": {
            "Dir": "Forward",
            "Id": "{c53bd0d6-9aa8-30aa-a942-233559d0b4c9}"
        },
        "Type": "LaneBoundary"
    },
    "type": "Feature"
}
,{
    "geometry": {
        "coordinates": [
            [
                -0.0007833309277276555,
                0,
                0
            ],
            [
                -0.000783330927727912,
                4.6526858390313665e-05,
                0
            ],
            [
                -0.0007833309277286816,
                9.305371678062669e-05,
                0
            ],
            [
                -0.0007833309277299644,
                0.00013958057517093848,
                0
            ],
            [
                -0.0007833309277317602,
                0.00018610743356124845,
                0
            ]
        ],
        "type": "LineString"
    },
    "properties": {
        "Id": "{28964818-4a07-36ae-8e15-c73c66b8800a}",
        "LeftLane": {
            "Dir": "Forward",
            "Id": "{c53bd0d6-9aa8-30aa-a942-233559d0b4c9}"
        },
        "RightLane": {
            "Dir": "Forward",
            "Id": "{2991264b-e6b3-3527-aa26-ca351e993e40}"
        },
        "Type": "LaneBoundary"
    },
    "type": "Feature"
}
,{
    "geometry": {
        "coordinates": [
            [
                -0.0007833309277276555,
                0,
                0
            ],
            [
                -0.000783330927727912,
                4.6526858390313665e-05,
                0
            ],
            [
                -0.0007833309277286816,
                9.305371678062669e-05,
                0
            ],
            [
                -0.0007833309277299644,
                0.00013958057517093848,
                0
            ],
            [
                -0.0007833309277317602,
                0.00018610743356124845,
                0
            ]
        ],
        "type": "LineString"
    },
    "properties": {
        "Id": "{1bde7c8c-8f7d-37d7-bc89-d636b6e3a519}",
        "LeftLane": {
            "Dir": "Forward",
            "Id": "{2991264b-e6b3-3527-aa26-ca351e993e40}"
        },
        "RightLane": {
            "Dir": "Forward",
            "Id": "{94b78e90-f5c5-3a78-9678-582898bde3de}"
        },
        "Type": "LaneBoundary"
    },
    "type": "Feature"
}
,{
    "geometry": {
        "coordinates": [
            [
                -0.0007718324920919932,
                0,
                0.3048
            ],
            [
                -0.0007718324920922459,
                4.652685839044123e-05,
                0.3048
            ],
            [
                -0.0007718324920930042,
                9.305371678088185e-05,
                0.3048
            ],
            [
                -0.0007718324920942681,
                0.0001395805751713212,
                0.3048
            ],
            [
                -0.0007718324920960376,
                0.00018610743356175876,
                0.3048
            ]
        ],
        "type": "LineString"
    },
    "properties": {
        "Id": "{f5c636c9-fe9b-37ee-a735-19bec1ae5b9c}",
        "LeftLane": {
            "Dir": "Forward",
            "Id": "{94b78e90-f5c5-3a78-9678-582898bde3de}"
        },
        "RightLane": {
            "Dir": "Forward",
            "Id": "{21106575-af51-3fd0-b8ee-f717d9b8e73b}"
        },
        "Type": "LaneBoundary"
    },
    "type": "Feature"
}
,{
    "geometry": {
        "coordinates": [
            [
                -0.0007713833344499771,
                0,
                0.3048
            ],
            [
                -0.0007713833344502296,
                4.6526858390446175e-05,
                0.3048
            ],
            [
                -0.0007713833344509876,
                9.305371678089175e-05,
                0.3048
            ],
            [
                -0.0007713833344522508,
                0.00013958057517133606,
                0.3048
            ],
            [
                -0.0007713833344540192,
                0.0001861074335617785,
                0.3048
            ]
        ],
        "type": "LineString"
    },
    "properties": {
        "Id": "{18c23746-f77d-3ab4-94da-f0791d2770a4}",
        "LeftLane": {
            "Dir": "Forward",
            "Id": "{21106575-af51-3fd0-b8ee-f717d9b8e73b}"
        },
        "Type": "LaneBoundary"
    },
    "type": "Feature"
}
,{
    "geometry": {
        "coordinates": [
            [
                -0.000898315284087175,
                0.0001861074335557305,
                0
            ],
            [
                -0.0008983152840886476,
                0.00021323852332856807,
                0
            ]
        ],
        "type": "LineString"
    },
    "properties": {
        "Id": "{dcc16664-15c9-3c9e-8d7d-bf69ff0b80bb}",
        "RightLane": {
            "Dir": "Forward",
            "Id": "{9a447b4b-98c0-362b-bb41-a7cb9ae6fa44}"
        },
        "Type": "LaneBoundary"
    },
    "type": "Feature"
}
,{
    "geometry": {
        "coordinates": [
            [
                -0.0007833309277317602,
                0.00018610743356124845,
                0
            ],
            [
                -0.0007833309277330442,
                0.00021323852333489046,
                0
            ]
        ],
        "type": "LineString"
    },
    "properties": {
        "Id": "{a154847d-ac75-3d3c-a7fe-97ae4bbd3332}",
        "LeftLane": {
            "Dir": "Forward",
            "Id": "{9a447b4b-98c0-362b-bb41-a7cb9ae6fa44}"
        },
        "Type": "LaneBoundary"
    },
    "type": "Feature"
}
,{
    "geometry": {
        "coordinates": [
            [
                -0.0007833309277317602,
                0.00018610743356124845,
                0
            ],
            [
                -0.0007833309277330442,
                0.00021323852333489046,
                0
            ]
        ],
        "type": "LineString"
    },
    "properties": {
        "Id": "{d6027fb8-e567-3131-99bd-514f6b1f6b09}",
        "RightLane": {
            "Dir": "Forward",
            "Id": "{4f3a9a62-8f0a-3e91-93df-ea452593e91a}"
        },
        "Type": "LaneBoundary"
    },
    "type": "Feature"
}
,{
    "geometry": {
        "coordinates": [
            [
                -0.0007718324920960376,
                0.00018610743356175876,
                0.3048
            ],
            [
                -0.0007718324920973028,
                0.00021323852333547514,
                0.3048
            ]
        ],
        "type": "LineString"
    },
    "properties": {
        "Id": "{3928755d-3f14-3093-91b0-97191bb15e59}",
        "LeftLane": {
            "Dir": "Forward",
            "Id": "{4f3a9a62-8f0a-3e91-93df-ea452593e91a}"
        },
        "RightLane": {
            "Dir": "Forward",
            "Id": "{cd39d1a2-b3c8-3b09-8985-47f47319a1c4}"
        },
        "Type": "LaneBoundary"
    },
    "type": "Feature"
}
,{
    "geometry": {
        "coordinates": [
            [
                -0.0007713833344540192,
                0.0001861074335617785,
                0.3048
            ],
            [
                -0.0007713833344552836,
                0.0002132385233354978,
                0.3048
            ]
        ],
        "type": "LineString"
    },
    "properties": {
        "Id": "{47a167c1-4364-357c-b283-55d17e2b9657}",
        "LeftLane": {
            "Dir": "Forward",
            "Id": "{cd39d1a2-b3c8-3b09-8985-47f47319a1c4}"
        },
        "Type": "LaneBoundary"
    },
    "type": "Feature"
}
,{
    "geometry": {
        "coordinates": [
            [
                -0.0008983152840886476,
                0.00021323852332856807,
                0
            ],
            [
                -0.0008983152840941932,
                0.00029372739470144143,
                0
            ],
            [
                -0.0008983152841014997,
                0.00037421626607430324,
                0
            ]
        ],
        "type": "LineString"
    },
    "properties": {
        "Id": "{ddf98736-598b-3c74-9d64-bfa30f5d5f69}",
        "RightLane": {
            "Dir": "Forward",
            "Id": "{a4e1ad18-5dea-356c-b94c-19a60c5b8611}"
        },
        "Type": "LaneBoundary"
    },
    "type": "Feature"
}
,{
    "geometry": {
        "coordinates": [
            [
                -0.0007833309277330442,
                0.00021323852333489046,
                0
            ],
            [
                -0.00078333092773788,
                0.0002937273947101503,
                0
            ],
            [
                -0.0007833309277442513,
                0.0003742162660853984,
                0
            ]
        ],
        "type": "LineString"
    },
    "properties": {
        "Id": "{26e66d81-6e49-3869-9524-91625d20d243}",
        "LeftLane": {
            "Dir": "Forward",
            "Id": "{a4e1ad18-5dea-356c-b94c-19a60c5b8611}"
        },
        "Type": "LaneBoundary"
    },
    "type": "Feature"
}
,{
    "geometry": {
        "coordinates": [
            [
                -0.0007833309277330442,
                0.00021323852333489046,
                0
            ],
            [
                -0.00078333092773788,
                0.0002937273947101503,
                0
            ],
            [
                -0.0007833309277442513,
                0.0003742162660853984,
                0
            ]
        ],
        "type": "LineString"
    },
    "properties": {
        "Id": "{8285da29-7863-3bb0-8273-6d87561daced}",
        "RightLane": {
            "Dir": "Forward",
            "Id": "{8e8ae07c-9574-3b5a-be98-1f4ff8c50fef}"
        },
        "Type": "LaneBoundary"
    },
    "type": "Feature"
}
,{
    "geometry": {
        "coordinates": [
            [
                -0.0007718324920973028,
                0.00021323852333547514,
                0.3048
            ],
            [
                -0.0007718324921020676,
                0.00029372739471095557,
                0.3048
            ],
            [
                -0.0007718324921083452,
                0.0003742162660864245,
                0.3048
            ]
        ],
        "type": "LineString"
    },
    "properties": {
        "Id": "{33116212-a08a-398e-9a8e-c72a03a8325e}",
        "LeftLane": {
            "Dir": "Forward",
            "Id": "{8e8ae07c-9574-3b5a-be98-1f4ff8c50fef}"
        },
        "RightLane": {
            "Dir": "Forward",
            "Id": "{1feb0136-ddc8-3a04-b45a-d8eb0759a2db}"
        },
        "Type": "LaneBoundary"
    },
    "type": "Feature"
}
,{
    "geometry": {
        "coordinates": [
            [
                -0.0007713833344552836,
                0.0002132385233354978,
                0.3048
            ],
            [
                -0.0007713833344600456,
                0.00029372739471098685,
                0.3048
            ],
            [
                -0.0007713833344663197,
                0.00037421626608646435,
                0.3048
            ]
        ],
        "type": "LineString"
    },
    "properties": {
        "Id": "{5b9947e6-7a45-3310-9ff4-eed52c3541c5}",
        "LeftLane": {
            "Dir": "Forward",
            "Id": "{1feb0136-ddc8-3a04-b45a-d8eb0759a2db}"
        },
        "Type": "LaneBoundary"
    },
    "type": "Feature"
}
,{
    "geometry": {
        "coordinates": [
            [
                -0.0008983152841014997,
                0.00037421626607430324,
                0
            ],
            [
                -0.0008983152841043594,
                0.0004013473454869757,
                0
            ]
        ],
        "type": "LineString"
    },
    "properties": {
        "Id": "{a52f2498-b7e2-35de-b731-626f9fa58ccc}",
        "RightLane": {
            "Dir": "Forward",
            "Id": "{1aadd6ce-aa11-36f5-b1c7-2052476a406e}"
        },
        "Type": "LaneBoundary"
    },
    "type": "Feature"
}
,{
    "geometry": {
        "coordinates": [
            [
                -0.0007833309277442513,
                0.0003742162660853984,
                0
            ],
            [
                -0.0007833309277467449,
                0.0004013473454988754,
                0
            ]
        ],
        "type": "LineString"
    },
    "properties": {
        "Id": "{5e256edb-0f6f-3354-8db2-2e9a4a03290e}",
        "LeftLane": {
            "Dir": "Forward",
            "Id": "{1aadd6ce-aa11-36f5-b1c7-2052476a406e}"
        },
        "Type": "LaneBoundary"
    },
    "type": "Feature"
}
,{
    "geometry": {
        "coordinates": [
            [
                -0.0007833309277442513,
                0.0003742162660853984,
                0
            ],
            [
                -0.0007833309277467449,
                0.0004013473454988754,
                0
            ]
        ],
        "type": "LineString"
    },
    "properties": {
        "Id": "{bf1ab499-6ab6-3881-9d25-b7ad476eaaf7}",
        "RightLane": {
            "Dir": "Forward",
            "Id": "{067753ec-02d7-3fa7-b9e7-a369c3df2045}"
        },
        "Type": "LaneBoundary"
    },
    "type": "Feature"
}
,{
    "geometry": {
        "coordinates": [
            [
                -0.0007718324921083452,
                0.0003742162660864245,
                0.3048
            ],
            [
                -0.0007718324921108023,
                0.00040134734549997583,
                0.3048
            ]
        ],
        "type": "LineString"
    },
    "properties": {
        "Id": "{e4bcaf02-1efe-36ae-8067-74fae602a0ce}",
        "LeftLane": {
            "Dir": "Forward",
            "Id": "{067753ec-02d7-3fa7-b9e7-a369c3df2045}"
        },
        "RightLane": {
            "Dir": "Forward",
            "Id": "{6ba350bc-d4dd-3495-a66e-10e629a1156b}"
        },
        "Type": "LaneBoundary"
    },
    "type": "Feature"
}
,{
    "geometry": {
        "coordinates": [
            [
                -0.0007713833344663197,
                0.00037421626608646435,
                0.3048
            ],
            [
                -0.0007713833344687753,
                0.00040134734550001844,
                0.3048
            ]
        ],
        "type": "LineString"
    },
    "properties": {
        "Id": "{f27d436b-dd08-3e48-8380-b1bff9ceb609}",
        "LeftLane": {
            "Dir": "Forward",
            "Id": "{6ba350bc-d4dd-3495-a66e-10e629a1156b}"
        },
        "Type": "LaneBoundary"
    },
    "type": "Feature"
}
,{
    "geometry": {
        "coordinates": [
            [
                -0.0009101730458535419,
                0.0004013473454856559,
                0.3048
            ],
            [
                -0.0009101730458620367,
                0.000471984515823405,
                0.3048
            ],
            [
                -0.0009101730458719055,
                0.0005426216861611398,
                0.3048
            ]
        ],
        "type": "LineString"
    },
    "properties": {
        "Id": "{92fc3f90-cc52-37b9-b635-34c66d042ec1}",
        "RightLane": {
            "Dir": "Forward",
            "Id": "{1df8ba08-50c8-3fae-8496-4dc488e1abc3}"
        },
        "Type": "LaneBoundary"
    },
    "type": "Feature"
}
,{
    "geometry": {
        "coordinates": [
            [
                -0.0009097238882115259,
                0.0004013473454857063,
                0.3048
            ],
            [
                -0.0009097238882200164,
                0.0004719845158234642,
                0.3048
            ],
            [
                -0.0009097238882298802,
                0.0005426216861612078,
                0.3048
            ]
        ],
        "type": "LineString"
    },
    "properties": {
        "Id": "{8556f446-ba25-3bf8-8a19-5016c545ea65}",
        "LeftLane": {
            "Dir": "Forward",
            "Id": "{1df8ba08-50c8-3fae-8496-4dc488e1abc3}"
        },
        "RightLane": {
            "Dir": "Forward",
            "Id": "{24646256-6cc6-3b3b-8a07-945c76163079}"
        },
        "Type": "LaneBoundary"
    },
    "type": "Feature"
}
,{
    "geometry": {
        "coordinates": [
            [
                -0.0008983152841043594,
                0.0004013473454869757,
                0
            ],
            [
                -0.0008983152841127434,
                0.000471984515824957,
                0
            ],
            [
                -0.0008983152841224835,
                0.0005426216861629241,
                0
            ]
        ],
        "type": "LineString"
    },
    "properties": {
        "Id": "{f8a07d60-d14f-3e47-a041-5585f2164164}",
        "LeftLane": {
            "Dir": "Forward",
            "Id": "{24646256-6cc6-3b3b-8a07-945c76163079}"
        },
        "RightLane": {
            "Dir": "Forward",
            "Id": "{a9bbda3b-271c-34b6-9e3c-15d2ceca44cc}"
        },
        "Type": "LaneBoundary"
    },
    "type": "Feature"
}
,{
    "geometry": {
        "coordinates": [
            [
                -0.0008983152841043594,
                0.0004013473454869757,
                0
            ],
            [
                -0.0008983152841127434,
                0.000471984515824957,
                0
            ],
            [
                -0.0008983152841224835,
                0.0005426216861629241,
                0
            ]
        ],
        "type": "LineString"
    },
    "properties": {
        "Id": "{116a91ab-b32b-3515-80c8-6c4705aa4063}",
        "LeftLane": {
            "Dir": "Forward",
            "Id": "{a9bbda3b-271c-34b6-9e3c-15d2ceca44cc}"
        },
        "RightLane": {
            "Dir": "Forward",
            "Id": "{9454d8d0-061f-3bf5-8521-ed9093c7bec5}"
        },
        "Type": "LaneBoundary"
    },
    "type": "Feature"
}
,{
    "geometry": {
        "coordinates": [
            [
                -0.0007833309277467449,
                0.0004013473454988754,
                0
            ],
            [
                -0.0007833309277540557,
                0.00047198451583895103,
                0
            ],
            [
                -0.0007833309277625491,
                0.0005426216861790124,
                0
            ]
        ],
        "type": "LineString"
    },
    "properties": {
        "Id": "{938bb42b-33d0-3916-9174-4b1b42a7fb1f}",
        "LeftLane": {
            "Dir": "Forward",
            "Id": "{9454d8d0-061f-3bf5-8521-ed9093c7bec5}"
        },
        "RightLane": {
            "Dir": "Forward",
            "Id": "{919a7449-3675-37d5-8d6a-0d0fef0fe628}"
        },
        "Type": "LaneBoundary"
    },
    "type": "Feature"
}
,{
    "geometry": {
        "coordinates": [
            [
                -0.0007833309277467449,
                0.0004013473454988754,
                0
            ],
            [
                -0.0007833309277540557,
                0.00047198451583895103,
                0
            ],
            [
                -0.0007833309277625491,
                0.0005426216861790124,
                0
            ]
        ],
        "type": "LineString"
    },
    "properties": {
        "Id": "{e072aeb0-ffad-3c9f-83da-a452b7fb2f44}",
        "LeftLane": {
            "Dir": "Forward",
            "Id": "{919a7449-3675-37d5-8d6a-0d0fef0fe628}"
        },
        "RightLane": {
            "Dir": "Forward",
            "Id": "{bb6e0c7b-92ea-37a6-8f85-cc02ef0c68c0}"
        },
        "Type": "LaneBoundary"
    },
    "type": "Feature"
}
,{
    "geometry": {
        "coordinates": [
            [
                -0.0007718324921108023,
                0.00040134734549997583,
                0.3048
            ],
            [
                -0.0007718324921180059,
                0.0004719845158402453,
                0.3048
            ],
            [
                -0.0007718324921263746,
                0.0005426216861805002,
                0.3048
            ]
        ],
        "type": "LineString"
    },
    "properties": {
        "Id": "{717e1e93-c667-3f6b-956e-3c2ae6c5f49b}",
        "LeftLane": {
            "Dir": "Forward",
            "Id": "{bb6e0c7b-92ea-37a6-8f85-cc02ef0c68c0}"
        },
        "RightLane": {
            "Dir": "Forward",
            "Id": "{815ad69a-fff8-3856-b9c5-0af77526239a}"
        },
        "Type": "LaneBoundary"
    },
    "type": "Feature"
}
,{
    "geometry": {
        "coordinates": [
            [
                -0.0007713833344687753,
                0.00040134734550001844,
                0.3048
            ],
            [
                -0.0007713833344759746,
                0.0004719845158402954,
                0.3048
            ],
            [
                -0.0007713833344843386,
                0.0005426216861805579,
                0.3048
            ]
        ],
        "type": "LineString"
    },
    "properties": {
        "Id": "{dd9c1c34-d934-3cc0-9288-1bf6832849d3}",
        "LeftLane": {
            "Dir": "Forward",
            "Id": "{815ad69a-fff8-3856-b9c5-0af77526239a}"
        },
        "Type": "LaneBoundary"
    },
    "type": "Feature"
}
,{
    "geometry": {
        "coordinates": [
            [
                [
                    [
                        -0.0007833310374018807,
                        0.00037421654207706,
                        0
                    ],
                    [
                        -0.0007833310374043744,
                        0.0004013470744026831,
                        0
                    ],
                    [
                        -0.0008983152841043594,
                        0.0004013470743907834,
                        0
                    ],
                    [
                        -0.000898315284102704,
                        0.0003858744298546198,
                        0
                    ],
                    [
                        -0.0008983503745433364,
                        0.000384408362147861,
                        0
                    ],
                    [
                        -0.0008985417271029899,
                        0.00038216786183845877,
                        0
                    ],
                    [
                        -0.0008988981143919553,
                        0.00037994778491200264,
                        0
                    ],
                    [
                        -0.0008994173432576826,
                        0.00037776027500160595,
                        0
                    ],
                    [
                        -0.0009000966722594832,
                        0.0003756180277237063,
                        0
                    ],
                    [
                        -0.0009009322633804024,
                        0.0003735320827447704,
                        0
                    ],
                    [
                        -0.0009019197303153355,
                        0.00037151513568123545,
                        0
                    ],
                    [
                        -0.0009030535901829166,
                        0.00036957712223292214,
                        0
                    ],
                    [
                        -0.000904327263525493,
                        0.000367729634049621,
                        0
                    ],
                    [
                        -0.0009063734748533604,
                        0.00036526944437735153,
                        0
                    ],
                    [
                        -0.0009067150583628162,
                        0.00036490679133389204,
                        0
                    ],
                    [
                        -0.0009088007464366094,
                        0.0003629356588860872,
                        0
                    ],
                    [
                        -0.000911072304188941,
                        0.00036118531976759503,
                        0
                    ],
                    [
                        -0.0009135067035180564,
                        0.0003596728854614408,
                        0
                    ],
                    [
                        -0.0009160798197459048,
                        0.00035841436348400303,
                        0
                    ],
                    [
                        -0.0009187653350419097,
                        0.00035742189746839687,
                        0
                    ],
                    [
                        -0.0009215358349992066,
                        0.0003567059750977675,
                        0
                    ],
                    [
                        -0.000924364453499075,
                        0.00035627377215532053,
                        0
                    ],
                    [
                        -0.0009272210346939697,
                        0.0003561291525243211,
                        0
                    ],
                    [
                        -0.0009311056561461585,
                        0.00035612915252392687,
                        0
                    ],
                    [
                        -0.000943231048300706,
                        0.00035612915252268584,
                        0
                    ],
                    [
                        -0.0009432310483002494,
                        0.0003516073051380526,
                        0
                    ],
                    [
                        -0.0009432310482905453,
                        0.0002358475705047678,
                        0
                    ],
                    [
                        -0.0009432310482902438,
                        0.00023132572312013357,
                        0
                    ],
                    [
                        -0.0009260625018497567,
                        0.00023132572312127195,
                        0
                    ],
                    [
                        -0.0009242164156917613,
                        0.00023126610892247422,
                        0
                    ],
                    [
                        -0.0009224591522119794,
                        0.00023109830599229905,
                        0
                    ],
                    [
                        -0.000920716144223762,
                        0.0002308223143307514,
                        0
                    ],
                    [
                        -0.0009189928746084784,
                        0.00023043923790447713,
                        0
                    ],
                    [
                        -0.0009172964711119055,
                        0.0002299507326634457,
                        0
                    ],
                    [
                        -0.0009156324166154232,
                        0.00022935900654095002,
                        0
                    ],
                    [
                        -0.0009140078388648142,
                        0.00022866516350363603,
                        0
                    ],
                    [
                        -0.0009124282207414553,
                        0.00022787306743476658,
                        0
                    ],
                    [
                        -0.0009109001417029765,
                        0.00022698492626763454,
                        0
                    ],
                    [
                        -0.0009087481107643198,
                        0.0002255050589779363,
                        0
                    ],
                    [
                        -0.0009067380864531857,
                        0.00022383530942500347,
                        0
                    ],
                    [
                        -0.0009065801794696617,
                        0.0002236901378109787,
                        0
                    ],
                    [
                        -0.0009047291587183058,
                        0.0002217929711288234,
                        0
                    ],
                    [
                        -0.0009030826494421195,
                        0.00021971364994995596,
                        0
                    ],
                    [
                        -0.000901658745149638,
                        0.00021747425360730852,
                        0
                    ],
                    [
                        -0.0009004722496205649,
                        0.00021509906936710674,
                        0
                    ],
                    [
                        -0.0008995363217701929,
                        0.00021261238449557667,
                        0
                    ],
                    [
                        -0.000898860282496856,
                        0.00021004235014220786,
                        0
                    ],
                    [
                        -0.0008984518078344834,
                        0.00020741490952319686,
                        0
                    ],
                    [
                        -0.000898315284088166,
                        0.00020475986973800354,
                        0
                    ],
                    [
                        -0.0008983152840878208,
                        0.0001984622920021699,
                        0
                    ],
                    [
                        -0.000898315284087175,
                        0.00018610724927614958,
                        0
                    ],
                    [
                        -0.0007833310373893896,
                        0.00018610724928166757,
                        0
                    ],
                    [
                        -0.0007833310373906736,
                        0.000213238333590623,
                        0
                    ],
                    [
                        -0.0007833310373955094,
                        0.00029372743783384744,
                        0
                    ],
                    [
                        -0.0007833310374018807,
                        0.00037421654207706,
                        0
                    ]
                ]
            ]
        ],
        "type": "MultiPolygon"
    },
    "properties": {
        "Crosswalks": [
        ],
        "Gates": [
            {
                "Id": "{b28f3aa9-cd3b-4eab-b81f-4fd737c9b43d}"
            },
            {
                "Id": "{02f20fb1-0a08-49c3-8a04-f81f1b0b54f5}"
            }
        ],
        "Id": "{f4e21f0a-d7e8-45ae-bd6d-838468c3d4bd}",
        "Lanes": [
            {
                "Id": "{f6b84d9a-6142-3061-9d14-44e07ad6f345}"
            },
            {
                "Id": "{60944836-0e47-3c29-88a7-e35912066944}"
            },
            {
                "Id": "{823c7d10-284f-3a51-9ab7-37315a521c9e}"
            },
            {
                "Id": "{8b892401-7216-3023-a4fe-953f85f09456}"
            },
            {
                "Id": "{42cf8664-f124-3d13-b0e0-a6dcb474619b}"
            },
            {
                "Id": "{9a447b4b-98c0-362b-bb41-a7cb9ae6fa44}"
            },
            {
                "Id": "{4f3a9a62-8f0a-3e91-93df-ea452593e91a}"
            },
            {
                "Id": "{cd39d1a2-b3c8-3b09-8985-47f47319a1c4}"
            },
            {
                "Id": "{a4e1ad18-5dea-356c-b94c-19a60c5b8611}"
            },
            {
                "Id": "{8e8ae07c-9574-3b5a-be98-1f4ff8c50fef}"
            },
            {
                "Id": "{1feb0136-ddc8-3a04-b45a-d8eb0759a2db}"
            },
            {
                "Id": "{1aadd6ce-aa11-36f5-b1c7-2052476a406e}"
            },
            {
                "Id": "{067753ec-02d7-3fa7-b9e7-a369c3df2045}"
            },
            {
                "Id": "{6ba350bc-d4dd-3495-a66e-10e629a1156b}"
            }
        ],
        "Phases": [
        ],
        "Type": "Junction"
    },
    "type": "Feature"
}
,{
    "geometry": {
        "coordinates": [
            [
                [
                    [
                        -0.001172646319020798,
                        0.0007078468542724454,
                        0
                    ],
                    [
                        -0.001172684150902057,
                        0.0007070315749039544,
                        0
                    ],
                    [
                        -0.0011727219827832498,
                        0.0007059209844575097,
                        0
                    ],
                    [
                        -0.0011727603629525024,
                        0.0007045200507830214,
                        0
                    ],
                    [
                        -0.0011727981948335472,
                        0.0007028337417303981,
                        0
                    ],
                    [
                        -0.0011728365750026657,
                        0.0007008664731662265,
                        0
                    ],
                    [
                        -0.0011728749551717114,
                        0.000698623212940416,
                        0
                    ],
                    [
                        -0.001172913335340692,
                        0.0006961083769195529,
                        0
                    ],
                    [
                        -0.0011729517155096149,
                        0.0006933280369201934,
                        0
                    ],
                    [
                        -0.0011729900956784706,
                        0.0006902855048422767,
                        0
                    ],
                    [
                        -0.0011730284758472674,
                        0.0006869868525023595,
                        0
                    ],
                    [
                        -0.0011730668560160063,
                        0.0006834353918003808,
                        0
                    ],
                    [
                        -0.0011731052361846957,
                        0.0006796371945528973,
                        0
                    ],
                    [
                        -0.00117314306806519,
                        0.000675596676626495,
                        0
                    ],
                    [
                        -0.0011731808999456332,
                        0.0006713188058710833,
                        0
                    ],
                    [
                        -0.0011732187318260249,
                        0.0006668074461699251,
                        0
                    ],
                    [
                        -0.0011732565637063725,
                        0.0006620686693395762,
                        0
                    ],
                    [
                        -0.0011732938472985397,
                        0.0006571063392633005,
                        0
                    ],
                    [
                        -0.0011733305826025333,
                        0.00065192597577433,
                        0
                    ],
                    [
                        -0.001173367317906482,
                        0.000646531994739251,
                        0
                    ],
                    [
                        -0.0011734040532103904,
                        0.0006409288120246499,
                        0
                    ],
                    [
                        -0.001173439691937993,
                        0.0006351219474637594,
                        0
                    ],
                    [
                        -0.0011734758789537054,
                        0.0006291158169231655,
                        0
                    ],
                    [
                        -0.0011735109693931057,
                        0.0006229153882527783,
                        0
                    ],
                    [
                        -0.0011735460598324779,
                        0.0006165250773191833,
                        0
                    ],
                    [
                        -0.0011735806019836875,
                        0.0006099498519722905,
                        0
                    ],
                    [
                        -0.0011736145958467451,
                        0.0006031946800620092,
                        0
                    ],
                    [
                        -0.001173648041421637,
                        0.000596264529438249,
                        0
                    ],
                    [
                        -0.0011736809387083704,
                        0.000589163815967596,
                        0
                    ],
                    [
                        -0.0011737138359950903,
                        0.0005818975074999594,
                        0
                    ],
                    [
                        -0.0011737456367055274,
                        0.0005744700199019262,
                        0
                    ],
                    [
                        -0.0011737768891278075,
                        0.0005668868730067288,
                        0
                    ],
                    [
                        -0.001173807593261942,
                        0.0005591524826809532,
                        0
                    ],
                    [
                        -0.001173837749107934,
                        0.0005512712647911857,
                        0
                    ],
                    [
                        -0.0011738673566657864,
                        0.0005432487391706592,
                        0
                    ],
                    [
                        -0.0011738958676473542,
                        0.00053508932168596,
                        0
                    ],
                    [
                        -0.0011739238303407863,
                        0.0005267974282036742,
                        0
                    ],
                    [
                        -0.0011739512447460799,
                        0.0005183785785570344,
                        0
                    ],
                    [
                        -0.001173977562575108,
                        0.0005098371886126271,
                        0
                    ],
                    [
                        -0.0011740033321159993,
                        0.0005011782262203616,
                        0
                    ],
                    [
                        -0.0011740280050806231,
                        0.0004924066592301475,
                        0
                    ],
                    [
                        -0.0011740521297571244,
                        0.0004835263515252477,
                        0
                    ],
                    [
                        -0.0011740751578573543,
                        0.0004745433749222183,
                        0
                    ],
                    [
                        -0.0011740976376694652,
                        0.00046546159330432225,
                        0
                    ],
                    [
                        -0.001174119020905311,
                        0.00045628597452146896,
                        0
                    ],
                    [
                        -0.001174158497648233,
                        0.00043767309686052873,
                        0
                    ],
                    [
                        -0.0011741941363742753,
                        0.00041874282878870395,
                        0
                    ],
                    [
                        -0.001174225388795294,
                        0.00039953380913862387,
                        0
                    ],
                    [
                        -0.001174252254911325,
                        0.00038008412475959484,
                        0
                    ],
                    [
                        -0.001174274734722364,
                        0.000360432414484246,
                        0
                    ],
                    [
                        -0.0011742922799402805,
                        0.00034061676516188363,
                        0
                    ],
                    [
                        -0.001174304890565096,
                        0.0003206758156251372,
                        0
                    ],
                    [
                        -0.0011743136631710068,
                        0.00028057091528903966,
                        0
                    ],
                    [
                        -0.0011742994076757223,
                        0.00024042516818701927,
                        0
                    ],
                    [
                        -0.0011742835073181115,
                        0.00022043233221788393,
                        0
                    ],
                    [
                        -0.001174261027503003,
                        0.00020054492506349448,
                        0
                    ],
                    [
                        -0.0011742325165185283,
                        0.00018079992960651038,
                        0
                    ],
                    [
                        -0.0011741968777884235,
                        0.00016123708864620775,
                        0
                    ],
                    [
                        -0.0011741541113126897,
                        0.0001418939370485693,
                        0
                    ],
                    [
                        -0.0011741047653794445,
                        0.00012280911364622452,
                        0
                    ],
                    [
                        -0.0011740477434124214,
                        0.0001040207052884795,
                        0
                    ],
                    [
                        -0.0011739830454116156,
                        8.556735080796371e-05,
                        0
                    ],
                    [
                        -0.0011739479549705695,
                        7.647839340686341e-05,
                        0
                    ],
                    [
                        -0.0011739112196651504,
                        6.748768903730645e-05,
                        0
                    ],
                    [
                        -0.0011738717429190825,
                        5.8599653565879075e-05,
                        0
                    ],
                    [
                        -0.0011738306213086263,
                        4.9819254842490716e-05,
                        0
                    ],
                    [
                        -0.001173787854833781,
                        4.115146071705088e-05,
                        0
                    ],
                    [
                        -0.00117374234691829,
                        3.260123903946911e-05,
                        0
                    ],
                    [
                        -0.0011736951941384076,
                        2.417300567633157e-05,
                        0
                    ],
                    [
                        -0.0011736458482060033,
                        1.5871728477547793e-05,
                        0
                    ],
                    [
                        -0.0011735943091210743,
                        7.701823309703988e-06,
                        0
                    ],
                    [
                        -0.0011735405768836216,
                        -3.311899939670669e-07,
                        0
                    ],
                    [
                        -0.0011734841032055097,
                        -8.22289556687916e-06,
                        0
                    ],
                    [
                        -0.0011734259846630005,
                        -1.596887754244606e-05,
                        0
                    ],
                    [
                        -0.0011733656729679641,
                        -2.3563616087434996e-05,
                        0
                    ],
                    [
                        -0.0011733031681203992,
                        -3.1002695335259754e-05,
                        0
                    ],
                    [
                        -0.0011732379218321702,
                        -3.828114743601081e-05,
                        0
                    ],
                    [
                        -0.0011731704823914016,
                        -4.539455652310197e-05,
                        0
                    ],
                    [
                        -0.0011731008497980983,
                        -5.233795474662371e-05,
                        0
                    ],
                    [
                        -0.001173029024052269,
                        -5.9106374256666544e-05,
                        0
                    ],
                    [
                        -0.0011729544568657563,
                        -6.569539918664422e-05,
                        0
                    ],
                    [
                        -0.0011728776965267125,
                        -7.2099509703324e-05,
                        0
                    ],
                    [
                        -0.0011727981947469888,
                        -7.831484192344289e-05,
                        0
                    ],
                    [
                        -0.001172716499814728,
                        -8.433532403044486e-05,
                        0
                    ],
                    [
                        -0.0011726320634417814,
                        -9.015764412439023e-05,
                        0
                    ],
                    [
                        -0.001172544885628161,
                        -9.57762823720462e-05,
                        0
                    ],
                    [
                        -0.001172455514661989,
                        -0.00010118627092350327,
                        0
                    ],
                    [
                        -0.0011723634022551377,
                        -0.0001063831939121752,
                        0
                    ],
                    [
                        -0.0011722690966957346,
                        -0.00011136153150482918,
                        0
                    ],
                    [
                        -0.0011721715014075156,
                        -0.00011611741981820234,
                        0
                    ],
                    [
                        -0.0011720717129667395,
                        -0.00012064589100238505,
                        0
                    ],
                    [
                        -0.0011719691830852784,
                        -0.00012494197720746783,
                        0
                    ],
                    [
                        -0.0011718639117631235,
                        -0.00012900071058354127,
                        0
                    ],
                    [
                        -0.0011717558990002766,
                        -0.00013281712328069568,
                        0
                    ],
                    [
                        -0.0011716445965086067,
                        -0.00013638679943234495,
                        0
                    ],
                    [
                        -0.0011715311008643732,
                        -0.00013970532317190266,
                        0
                    ],
                    [
                        -0.001171414863779444,
                        -0.00014276662268281295,
                        0
                    ],
                    [
                        -0.0011712953369656838,
                        -0.00014556738606513598,
                        0
                    ],
                    [
                        -0.001171173068711233,
                        -0.00014810209348563896,
                        0
                    ],
                    [
                        -0.0011710480590160783,
                        -0.00015036577709441238,
                        0
                    ],
                    [
                        -0.0011709203078802235,
                        -0.00015235402102487,
                        0
                    ],
                    [
                        -0.0011707892670155332,
                        -0.00015406185742710223,
                        0
                    ],
                    [
                        -0.0011706554847101447,
                        -0.00015548431845119958,
                        0
                    ],
                    [
                        -0.001170518412675917,
                        -0.00015661698823057573,
                        0
                    ],
                    [
                        -0.001170378599200986,
                        -0.00015745489891532118,
                        0
                    ],
                    [
                        -0.001170235495997212,
                        -0.0001579930826555263,
                        0
                    ],
                    [
                        -0.0011700583989289195,
                        -0.0001581956605351798,
                        0
                    ],
                    [
                        -0.0011696822732668354,
                        -0.00015839768643152136,
                        0
                    ],
                    [
                        -0.0011691098604516468,
                        -0.0001585986083612275,
                        0
                    ],
                    [
                        -0.001168343901924036,
                        -0.0001587984263242982,
                        0
                    ],
                    [
                        -0.001167387687412822,
                        -0.00015899714032073322,
                        0
                    ],
                    [
                        -0.001166244506646838,
                        -0.00015919530233385576,
                        0
                    ],
                    [
                        -0.0011649181976430413,
                        -0.0001593923603803422,
                        0
                    ],
                    [
                        -0.0011634115018421152,
                        -0.00015958831446019248,
                        0
                    ],
                    [
                        -0.0011617271606847441,
                        -0.0001597831645734064,
                        0
                    ],
                    [
                        -0.001159868463899757,
                        -0.00015997691071998384,
                        0
                    ],
                    [
                        -0.0011578392495041005,
                        -0.0001601701048832477,
                        0
                    ],
                    [
                        -0.001155642258938472,
                        -0.00016036164309655139,
                        0
                    ],
                    [
                        -0.0011532807819316913,
                        -0.00016055207734321788,
                        0
                    ],
                    [
                        -0.001150757559924446,
                        -0.00016074195960657028,
                        0
                    ],
                    [
                        -0.0011480769792218274,
                        -0.00016093018591996182,
                        0
                    ],
                    [
                        -0.001145240684688243,
                        -0.00016111730826671555,
                        0
                    ],
                    [
                        -0.0011422530626288025,
                        -0.0001613033266468313,
                        0
                    ],
                    [
                        -0.0011391168544841854,
                        -0.0001614882410603088,
                        0
                    ],
                    [
                        -0.0011358348016950828,
                        -0.00016167149952382457,
                        0
                    ],
                    [
                        -0.0011324107422784363,
                        -0.0001618536540207016,
                        0
                    ],
                    [
                        -0.0011288479659630848,
                        -0.00016203470455093975,
                        0
                    ],
                    [
                        -0.0011251492141897074,
                        -0.00016221409913121543,
                        0
                    ],
                    [
                        -0.0011213177766871323,
                        -0.0001623923897448517,
                        0
                    ],
                    [
                        -0.0011173569431841771,
                        -0.00016256957639184833,
                        0
                    ],
                    [
                        -0.0011132694551215295,
                        -0.00016274510708888187,
                        0
                    ],
                    [
                        -0.001109059150516148,
                        -0.00016291953381927525,
                        0
                    ],
                    [
                        -0.0011047293190968516,
                        -0.00016309230459970504,
                        0
                    ],
                    [
                        -0.0011002821540161923,
                        -0.0001632634194301709,
                        0
                    ],
                    [
                        -0.00109572204157927,
                        -0.00016343343029399596,
                        0
                    ],
                    [
                        -0.0010910511749386254,
                        -0.00016360178520785664,
                        0
                    ],
                    [
                        -0.0010862733921112304,
                        -0.00016376848417175272,
                        0
                    ],
                    [
                        -0.0010813919828258922,
                        -0.00016393407916900723,
                        0
                    ],
                    [
                        -0.0010764091402351678,
                        -0.00016409801821629674,
                        0
                    ],
                    [
                        -0.00107132925064416,
                        -0.0001642603013136208,
                        0
                    ],
                    [
                        -0.00106615505549354,
                        -0.0001644209284609793,
                        0
                    ],
                    [
                        -0.001060889296224001,
                        -0.00016457989965837198,
                        0
                    ],
                    [
                        -0.0010500973408197362,
                        -0.00016489342618658222,
                        0
                    ],
                    [
                        -0.0010389786056856688,
                        -0.000165199776931603,
                        0
                    ],
                    [
                        -0.001027559408652371,
                        -0.00016549950387675572,
                        0
                    ],
                    [
                        -0.001015864422686031,
                        -0.0001657926070220385,
                        0
                    ],
                    [
                        -0.0010039199656172158,
                        -0.00016607798240080295,
                        0
                    ],
                    [
                        -0.00099175071041211,
                        -0.0001663561819963705,
                        0
                    ],
                    [
                        -0.0009793824266131498,
                        -0.0001666266538254161,
                        0
                    ],
                    [
                        -0.0009668408837627907,
                        -0.00016688939788793807,
                        0
                    ],
                    [
                        -0.0009541513031153339,
                        -0.00016714441418393477,
                        0
                    ],
                    [
                        -0.0009413394542132401,
                        -0.0001673917027134045,
                        0
                    ],
                    [
                        -0.0009154503849504835,
                        -0.00016786088853946372,
                        0
                    ],
                    [
                        -0.0008893781874497093,
                        -0.0001682958513994574,
                        0
                    ],
                    [
                        -0.0008633268248979663,
                        -0.00016869493534340464,
                        0
                    ],
                    [
                        -0.0008375002604823009,
                        -0.00016905703640464903,
                        0
                    ],
                    [
                        -0.0008247350160714489,
                        -0.0001692242873521703,
                        0
                    ],
                    [
                        -0.0008121019091016263,
                        -0.00016938105061653518,
                        0
                    ],
                    [
                        -0.0007996278056915667,
                        -0.0001695284301643893,
                        0
                    ],
                    [
                        -0.000787337378807436,
                        -0.0001696653220290853,
                        0
                    ],
                    [
                        -0.0007752558497035528,
                        -0.00016979227819394563,
                        0
                    ],
                    [
                        -0.0007634095362105119,
                        -0.0001699081946923227,
                        0
                    ],
                    [
                        -0.0007518231112944882,
                        -0.00017001417549086277,
                        0
                    ],
                    [
                        -0.0007405228927860688,
                        -0.0001701091166229183,
                        0
                    ],
                    [
                        -0.0007295335536514254,
                        -0.00017019301808848892,
                        0
                    ],
                    [
                        -0.0007188814117211647,
                        -0.00017026587988757392,
                        0
                    ],
                    [
                        -0.0007136891230615108,
                        -0.0001702978949205225,
                        0
                    ],
                    [
                        -0.0007085911399614563,
                        -0.00017032715003684955,
                        0
                    ],
                    [
                        -0.0007035902038616888,
                        -0.00017035364523655493,
                        0
                    ],
                    [
                        -0.0006986890562028879,
                        -0.00017037738051963868,
                        0
                    ],
                    [
                        -0.0006938915350020257,
                        -0.00017039835588610064,
                        0
                    ],
                    [
                        -0.0006892003816997794,
                        -0.00017041601935261755,
                        0
                    ],
                    [
                        -0.000684618886024981,
                        -0.00017043092290251258,
                        0
                    ],
                    [
                        -0.00068015033770645,
                        -0.00017044251455246244,
                        0
                    ],
                    [
                        -0.0006757980264730108,
                        -0.00017045134628579034,
                        0
                    ],
                    [
                        -0.0006715646937653434,
                        -0.00017045741810249636,
                        0
                    ],
                    [
                        -0.0006674541776004222,
                        -0.000170460178019257,
                        0
                    ],
                    [
                        -0.0006634692194189241,
                        -0.00017045962603607224,
                        0
                    ],
                    [
                        -0.0006596131089496765,
                        -0.00017045631413626548,
                        0
                    ],
                    [
                        -0.0006558891359214986,
                        -0.00017044969033651325,
                        0
                    ],
                    [
                        -0.0006523000417750882,
                        -0.0001704403066201388,
                        0
                    ],
                    [
                        -0.0006488496645273914,
                        -0.0001704276110038189,
                        0
                    ],
                    [
                        -0.0006455407456191005,
                        -0.0001704116034875534,
                        0
                    ],
                    [
                        -0.0006423765747790485,
                        -0.00017039228407134225,
                        0
                    ],
                    [
                        -0.0006393604417360434,
                        -0.0001703702047385089,
                        0
                    ],
                    [
                        -0.0006364956362189234,
                        -0.00017034426152240639,
                        0
                    ],
                    [
                        -0.0006337854479565073,
                        -0.00017031555838968154,
                        0
                    ],
                    [
                        -0.0006312320701013326,
                        -0.0001702835433570109,
                        0
                    ],
                    [
                        -0.0006288398889585218,
                        -0.00017024821642439453,
                        0
                    ],
                    [
                        -0.0006266116459687353,
                        -0.00017020957759183224,
                        0
                    ],
                    [
                        -0.000624550630860814,
                        -0.00017016762685932404,
                        0
                    ],
                    [
                        -0.0006226595850754368,
                        -0.00017012236422686986,
                        0
                    ],
                    [
                        -0.0006209423466295708,
                        -0.0001700732377111463,
                        0
                    ],
                    [
                        -0.0006194011086757558,
                        -0.00017002135127880015,
                        0
                    ],
                    [
                        -0.0006180402575191031,
                        -0.00016996560096318438,
                        0
                    ],
                    [
                        -0.0006168625346002845,
                        -0.0001699065387476225,
                        0
                    ],
                    [
                        -0.0006158712296481347,
                        -0.0001698441646321143,
                        0
                    ],
                    [
                        -0.0006150690841033336,
                        -0.00016977792663333647,
                        0
                    ],
                    [
                        -0.0006144593876947101,
                        -0.00016970837673461225,
                        0
                    ],
                    [
                        -0.0006140459784392206,
                        -0.00016963551493594155,
                        0
                    ],
                    [
                        -0.000613831049489418,
                        -0.0001695587892540009,
                        0
                    ],
                    [
                        -0.0006138189871503951,
                        -0.00016947875167211366,
                        0
                    ],
                    [
                        -0.0006139341276592079,
                        -0.00016921435166021912,
                        0
                    ],
                    [
                        -0.0006140448818629156,
                        -0.00016863863305394792,
                        0
                    ],
                    [
                        -0.0006141512497615129,
                        -0.00016775711568653377,
                        0
                    ],
                    [
                        -0.0006142537796431451,
                        -0.0001665736634412402,
                        0
                    ],
                    [
                        -0.0006143519232196678,
                        -0.00016509379615130086,
                        0
                    ],
                    [
                        -0.0006144462287792184,
                        -0.0001633230336499494,
                        0
                    ],
                    [
                        -0.0006145366963218076,
                        -0.00016126523982044932,
                        0
                    ],
                    [
                        -0.0006146227775592805,
                        -0.0001589259344960344,
                        0
                    ],
                    [
                        -0.000614705020779796,
                        -0.00015631008552661476,
                        0
                    ],
                    [
                        -0.0006147834259833357,
                        -0.0001534221087787773,
                        0
                    ],
                    [
                        -0.0006148585414580479,
                        -0.00015026807606907913,
                        0
                    ],
                    [
                        -0.0006149292706276649,
                        -0.00014685185128078372,
                        0
                    ],
                    [
                        -0.000614996710068442,
                        -0.00014317895424712467,
                        0
                    ],
                    [
                        -0.000615060311492265,
                        -0.00013925380083468903,
                        0
                    ],
                    [
                        -0.0006151200748991153,
                        -0.00013508246286003363,
                        0
                    ],
                    [
                        -0.0006151765485771413,
                        -0.00013066825222309865,
                        0
                    ],
                    [
                        -0.0006152297325263412,
                        -0.00012601724074044117,
                        0
                    ],
                    [
                        -0.0006152796267467236,
                        -0.0001211343962619714,
                        0
                    ],
                    [
                        -0.0006153256829501364,
                        -0.00011602413465427625,
                        0
                    ],
                    [
                        -0.0006153684494247306,
                        -0.00011069142376726602,
                        0
                    ],
                    [
                        -0.0006154084744586385,
                        -0.00010514178343417423,
                        0
                    ],
                    [
                        -0.0006154446614755845,
                        -9.937962952158785e-05,
                        0
                    ],
                    [
                        -0.000615478107051851,
                        -9.340992987941716e-05,
                        0
                    ],
                    [
                        -0.0006155082628993021,
                        -8.723765235757233e-05,
                        0
                    ],
                    [
                        -0.0006155351290179223,
                        -8.086831678928706e-05,
                        0
                    ],
                    [
                        -0.0006155592536958681,
                        -7.430633904114821e-05,
                        0
                    ],
                    [
                        -0.0006155806369331295,
                        -6.755613497974268e-05,
                        0
                    ],
                    [
                        -0.0006155992787297156,
                        -6.062377642162744e-05,
                        0
                    ],
                    [
                        -0.0006156146307974817,
                        -5.35136792333894e-05,
                        0
                    ],
                    [
                        -0.0006156272414245687,
                        -4.623081126493882e-05,
                        0
                    ],
                    [
                        -0.0006156371106109796,
                        -3.877958838286258e-05,
                        0
                    ],
                    [
                        -0.000615644786644855,
                        -3.116608240371768e-05,
                        0
                    ],
                    [
                        -0.000615649172949911,
                        -2.3394157210767624e-05,
                        0
                    ],
                    [
                        -0.0006156513661024352,
                        -1.5469332637246066e-05,
                        0
                    ],
                    [
                        -0.0006156508178142785,
                        -7.396576533063242e-06,
                        0
                    ],
                    [
                        -0.0006156480763735889,
                        8.191432518705864e-07,
                        0
                    ],
                    [
                        -0.0006156425934922221,
                        9.173410850968521e-06,
                        0
                    ],
                    [
                        -0.0006156349174583236,
                        1.7660706430996945e-05,
                        0
                    ],
                    [
                        -0.0006156250482718837,
                        2.6276614125368954e-05,
                        0
                    ],
                    [
                        -0.0006156129859329186,
                        3.501561410085094e-05,
                        0
                    ],
                    [
                        -0.0006155987304414128,
                        4.387273850753262e-05,
                        0
                    ],
                    [
                        -0.0006155822817973781,
                        5.2844123462150494e-05,
                        0
                    ],
                    [
                        -0.0006155636400008063,
                        6.192314516482418e-05,
                        0
                    ],
                    [
                        -0.000615542805051709,
                        7.110649171561353e-05,
                        0
                    ],
                    [
                        -0.00061552032523821,
                        8.038809129796154e-05,
                        0
                    ],
                    [
                        -0.0006154956522721837,
                        8.97635280452813e-05,
                        0
                    ],
                    [
                        -0.000615441371746945,
                        0.00010877548965187177,
                        0
                    ],
                    [
                        -0.0006153794151878615,
                        0.00012810263373610274,
                        0
                    ],
                    [
                        -0.000615311427459349,
                        0.00014770576948201555,
                        0
                    ],
                    [
                        -0.0006152368602732613,
                        0.00016754515409032804,
                        0
                    ],
                    [
                        -0.0006151562619177475,
                        0.0001875815967450815,
                        0
                    ],
                    [
                        -0.0006150707289690792,
                        0.00020777535464699365,
                        0
                    ],
                    [
                        -0.0006149802614272594,
                        0.0002280861330134592,
                        0
                    ],
                    [
                        -0.0006147856191404223,
                        0.0002689030918428616,
                        0
                    ],
                    [
                        -0.0006145767213623253,
                        0.00030971563480567814,
                        0
                    ],
                    [
                        -0.0006144681603123538,
                        0.0003300214453222347,
                        0
                    ],
                    [
                        -0.000614356857821769,
                        0.00035020747545762174,
                        0
                    ],
                    [
                        -0.0006142439104668294,
                        0.00037023453439588035,
                        0
                    ],
                    [
                        -0.000614129318247544,
                        0.0003900628793377284,
                        0
                    ],
                    [
                        -0.0006140136294520366,
                        0.0004096522155005603,
                        0
                    ],
                    [
                        -0.0006138973923684434,
                        0.0004289644560350639,
                        0
                    ],
                    [
                        -0.0006137806069967504,
                        0.0004479587541753107,
                        0
                    ],
                    [
                        -0.0006137224884549924,
                        0.0004573242552228119,
                        0
                    ],
                    [
                        -0.0006136643699132374,
                        0.0004665959191053415,
                        0
                    ],
                    [
                        -0.0006136062513714867,
                        0.00047576822598966557,
                        0
                    ],
                    [
                        -0.0006135486811178844,
                        0.00048483620802587424,
                        0
                    ],
                    [
                        -0.0006134911108642872,
                        0.0004937954493473803,
                        0
                    ],
                    [
                        -0.0006134340888988255,
                        0.0005026409821042735,
                        0
                    ],
                    [
                        -0.0006133770669333751,
                        0.0005113672864633203,
                        0
                    ],
                    [
                        -0.0006133205932560531,
                        0.0005199699465579336,
                        0
                    ],
                    [
                        -0.0006132646678668769,
                        0.00052844344255488,
                        0
                    ],
                    [
                        -0.0006132092907658402,
                        0.0005367833585875728,
                        0
                    ],
                    [
                        -0.000613155010241068,
                        0.0005449847268061011,
                        0
                    ],
                    [
                        -0.0006131007297163014,
                        0.0005530420273772318,
                        0
                    ],
                    [
                        -0.000613046997479663,
                        0.0005609508444343781,
                        0
                    ],
                    [
                        -0.000612994361819299,
                        0.0005687062101276288,
                        0
                    ],
                    [
                        -0.0006129428227352003,
                        0.0005763031566070745,
                        0
                    ],
                    [
                        -0.0006128912836510973,
                        0.000583736716022805,
                        0
                    ],
                    [
                        -0.000612841389431394,
                        0.0005910019205249094,
                        0
                    ],
                    [
                        -0.0006127920434998232,
                        0.0005980938022634778,
                        0
                    ],
                    [
                        -0.0006127437941445132,
                        0.0006050073933886004,
                        0
                    ],
                    [
                        -0.0006126971896536018,
                        0.0006117371740670426,
                        0
                    ],
                    [
                        -0.0006126511334508196,
                        0.0006182798323988647,
                        0
                    ],
                    [
                        -0.0006126061738242912,
                        0.0006246287445841863,
                        0
                    ],
                    [
                        -0.0006125628590621607,
                        0.0006307794947564209,
                        0
                    ],
                    [
                        -0.0006125200925881527,
                        0.000636727667048981,
                        0
                    ],
                    [
                        -0.0006124795192666769,
                        0.0006424677416286332,
                        0
                    ],
                    [
                        -0.0006124400425214531,
                        0.0006479953026287908,
                        0
                    ],
                    [
                        -0.0006124016623524822,
                        0.0006533048302162198,
                        0
                    ],
                    [
                        -0.0006123649270479,
                        0.0006583913565410101,
                        0
                    ],
                    [
                        -0.0006123298366077133,
                        0.0006632504657365746,
                        0
                    ],
                    [
                        -0.000612296391031908,
                        0.0006678766379696803,
                        0
                    ],
                    [
                        -0.0006122645903204933,
                        0.0006722654573737397,
                        0
                    ],
                    [
                        -0.0006122344344734569,
                        0.0006764114041155193,
                        0
                    ],
                    [
                        -0.0006122059234908115,
                        0.0006803100623284324,
                        0
                    ],
                    [
                        -0.0006121796056606794,
                        0.0006839564641625686,
                        0
                    ],
                    [
                        -0.0006121549326949302,
                        0.000687345089784694,
                        0
                    ],
                    [
                        -0.0006121324528817007,
                        0.000690471523328222,
                        0
                    ],
                    [
                        -0.000612111617932849,
                        0.0006933313489265657,
                        0
                    ],
                    [
                        -0.0006120924278483776,
                        0.0006959179427798449,
                        0
                    ],
                    [
                        -0.0006120759792045588,
                        0.000698227992988119,
                        0
                    ],
                    [
                        -0.0006120617237132522,
                        0.0007002559797181547,
                        0
                    ],
                    [
                        -0.0006120491130863177,
                        0.0007019969351200415,
                        0
                    ],
                    [
                        -0.0006120392439000381,
                        0.000703445339360546,
                        0
                    ],
                    [
                        -0.0006120310195781283,
                        0.0007045973285564045,
                        0
                    ],
                    [
                        -0.000612025536696867,
                        0.0007054473828743835,
                        0
                    ],
                    [
                        -0.0006120227952562531,
                        0.0007059905344645724,
                        0
                    ],
                    [
                        -0.0006120222469681438,
                        0.0007062223674603846,
                        0
                    ],
                    [
                        -0.0006121247768498381,
                        0.0007063587073412417,
                        0
                    ],
                    [
                        -0.0006124285284779075,
                        0.0007064933912721018,
                        0
                    ],
                    [
                        -0.0006129296638354122,
                        0.0007066269712362889,
                        0
                    ],
                    [
                        -0.0006136254414816511,
                        0.0007067588952504801,
                        0
                    ],
                    [
                        -0.0006145120233996651,
                        0.0007068886113313523,
                        0
                    ],
                    [
                        -0.0006155872164369071,
                        0.0007070172234455523,
                        0
                    ],
                    [
                        -0.000616847182576412,
                        0.0007071441796097571,
                        0
                    ],
                    [
                        -0.0006182891803775006,
                        0.0007072700318072904,
                        0
                    ],
                    [
                        -0.000619909371823209,
                        0.0007073936760715059,
                        0
                    ],
                    [
                        -0.0006217055637609832,
                        0.0007075156643857269,
                        0
                    ],
                    [
                        -0.0006236733698857331,
                        0.0007076359967499538,
                        0
                    ],
                    [
                        -0.0006258105970448919,
                        0.00070775522514751,
                        0
                    ],
                    [
                        -0.000628113407221522,
                        0.0007078722456117492,
                        0
                    ],
                    [
                        -0.0006305790589749251,
                        0.0007079881621093179,
                        0
                    ],
                    [
                        -0.0006332042625762789,
                        0.0007081018706735701,
                        0
                    ],
                    [
                        -0.000635985728296751,
                        0.0007082144752711522,
                        0
                    ],
                    [
                        -0.00063892016640753,
                        0.0007083248719354178,
                        0
                    ],
                    [
                        -0.0006420048354679228,
                        0.0007084336126496906,
                        0
                    ],
                    [
                        -0.000645236445749102,
                        0.0007085412493972935,
                        0
                    ],
                    [
                        -0.0006486111592341166,
                        0.0007086466782115806,
                        0
                    ],
                    [
                        -0.0006521267827704078,
                        0.0007087504510758752,
                        0
                    ],
                    [
                        -0.0006557794783410191,
                        0.0007088525679901771,
                        0
                    ],
                    [
                        -0.0006595665045052631,
                        0.0007089530289544867,
                        0
                    ],
                    [
                        -0.0006634845715343175,
                        0.0007090518339688042,
                        0
                    ],
                    [
                        -0.000667529841411215,
                        0.0007091489830331294,
                        0
                    ],
                    [
                        -0.0006717001209834133,
                        0.0007092439241641394,
                        0
                    ],
                    [
                        -0.000675991572233945,
                        0.0007093377613284807,
                        0
                    ],
                    [
                        -0.0006804009054339879,
                        0.0007094293905595072,
                        0
                    ],
                    [
                        -0.0006849259274309942,
                        0.000709519363840542,
                        0
                    ],
                    [
                        -0.0006895622519198649,
                        0.0007096076811715853,
                        0
                    ],
                    [
                        -0.0006943071374599124,
                        0.0007096943425526374,
                        0
                    ],
                    [
                        -0.0006991578426104488,
                        0.0007097787960003747,
                        0
                    ],
                    [
                        -0.0007041110776426521,
                        0.0007098621454814445,
                        0
                    ],
                    [
                        -0.0007091630045395577,
                        0.0007099432870291999,
                        0
                    ],
                    [
                        -0.0007143108818604834,
                        0.0007100222206436414,
                        0
                    ],
                    [
                        -0.0007195519681647464,
                        0.0007101000502914157,
                        0
                    ],
                    [
                        -0.0007302989639435465,
                        0.0007102496377703467,
                        0
                    ],
                    [
                        -0.000741379318909786,
                        0.0007103920494659945,
                        0
                    ],
                    [
                        -0.0007527672635210046,
                        0.0007105267333950376,
                        0
                    ],
                    [
                        -0.0007644370282347548,
                        0.0007106547935241246,
                        0
                    ],
                    [
                        -0.0007763633917967155,
                        0.0007107745739032876,
                        0
                    ],
                    [
                        -0.0007885211329525685,
                        0.0007108871784991757,
                        0
                    ],
                    [
                        -0.0008008850304480012,
                        0.0007109926073117917,
                        0
                    ],
                    [
                        -0.0008134287664524113,
                        0.0007110897563744914,
                        0
                    ],
                    [
                        -0.0008261276679996343,
                        0.0007111791776706019,
                        0
                    ],
                    [
                        -0.0008389565138353419,
                        0.0007112614231834493,
                        0
                    ],
                    [
                        -0.0008649004119142857,
                        0.0007114016269427542,
                        0
                    ],
                    [
                        -0.0008910575940784335,
                        0.0007115103676524395,
                        0
                    ],
                    [
                        -0.0009172240971407236,
                        0.0007115870933292191,
                        0
                    ],
                    [
                        -0.0009431970544903607,
                        0.0007116312519898123,
                        0
                    ],
                    [
                        -0.0009560478318511421,
                        0.0007116406357036454,
                        0
                    ],
                    [
                        -0.0009687730512284417,
                        0.0007116422916509425,
                        0
                    ],
                    [
                        -0.000981348587944218,
                        0.0007116351158650636,
                        0
                    ],
                    [
                        -0.0009937486724560364,
                        0.0007116196603293385,
                        0
                    ],
                    [
                        -0.0010059475352214395,
                        0.0007115953730604509,
                        0
                    ],
                    [
                        -0.0010179199549861181,
                        0.0007115633580250554,
                        0
                    ],
                    [
                        -0.0010296407104957571,
                        0.000711521959273189,
                        0
                    ],
                    [
                        -0.0010410840322079087,
                        0.0007114722807715066,
                        0
                    ],
                    [
                        -0.0010522246988682663,
                        0.0007114137705366925,
                        0
                    ],
                    [
                        -0.001063037489222528,
                        0.0007113464285687552,
                        0
                    ],
                    [
                        -0.0010683125693907716,
                        0.0007113094456848678,
                        0
                    ],
                    [
                        -0.0010734966337282354,
                        0.0007112708068510262,
                        0
                    ],
                    [
                        -0.001078585295929802,
                        0.0007112294081005844,
                        0
                    ],
                    [
                        -0.001083576362842941,
                        0.0007111858014168675,
                        0
                    ],
                    [
                        -0.0010884665447388213,
                        0.0007111399867998758,
                        0
                    ],
                    [
                        -0.001093252003600481,
                        0.0007110919642496108,
                        0
                    ],
                    [
                        -0.001097930546275377,
                        0.0007110417337660732,
                        0
                    ],
                    [
                        -0.0011024983347465447,
                        0.0007109887433659418,
                        0
                    ],
                    [
                        -0.0011069520792851622,
                        0.0007109340970158631,
                        0
                    ],
                    [
                        -0.00111128849016241,
                        0.0007108772427325155,
                        0
                    ],
                    [
                        -0.001115505374225739,
                        0.0007108176285325769,
                        0
                    ],
                    [
                        -0.0011195988934581838,
                        0.0007107563583826946,
                        0
                    ],
                    [
                        -0.0011235652098427935,
                        0.0007106923283162237,
                        0
                    ],
                    [
                        -0.0011274026785151455,
                        0.0007106260903164881,
                        0
                    ],
                    [
                        -0.0011311069131701502,
                        0.0007105576443834888,
                        0
                    ],
                    [
                        -0.0011346746240789864,
                        0.0007104864385339045,
                        0
                    ],
                    [
                        -0.0011381036180890976,
                        0.0007104135767343817,
                        0
                    ],
                    [
                        -0.0011413900571835328,
                        0.0007103379550182761,
                        0
                    ],
                    [
                        -0.0011445311999216,
                        0.0007102601253689107,
                        0
                    ],
                    [
                        -0.0011475232082863481,
                        0.0007101800877862878,
                        0
                    ],
                    [
                        -0.0011503633408370734,
                        0.0007100972902870851,
                        0
                    ],
                    [
                        -0.0011530483078449735,
                        0.0007100128368379495,
                        0
                    ],
                    [
                        -0.0011555753678693546,
                        0.000709925623472236,
                        0
                    ],
                    [
                        -0.0011579406828932505,
                        0.0007098356501899453,
                        0
                    ],
                    [
                        -0.0011601409631878507,
                        0.0007097440209577256,
                        0
                    ],
                    [
                        -0.0011621740156005957,
                        0.0007096496318089311,
                        0
                    ],
                    [
                        -0.001164035453826392,
                        0.0007095524827435629,
                        0
                    ],
                    [
                        -0.001165723084712688,
                        0.000709453677728268,
                        0
                    ],
                    [
                        -0.0011672330702425337,
                        0.0007093521127964015,
                        0
                    ],
                    [
                        -0.0011685626689752373,
                        0.0007092483399312873,
                        0
                    ],
                    [
                        -0.0011697085911819716,
                        0.0007091418071496033,
                        0
                    ],
                    [
                        -0.0011706675471339194,
                        0.0007090330664346733,
                        0
                    ],
                    [
                        -0.00117143679539039,
                        0.0007089215658031754,
                        0
                    ],
                    [
                        -0.0011720124979344286,
                        0.0007088078572384336,
                        0
                    ],
                    [
                        -0.0011723913650372058,
                        0.0007086919407404485,
                        0
                    ],
                    [
                        -0.0011725712035461798,
                        0.0007085732643258979,
                        0
                    ],
                    [
                        -0.0011726084871394615,
                        0.0007083624066963964,
                        0
                    ],
                    [
                        -0.001172646319020798,
                        0.0007078468542724454,
                        0
                    ]
                ],
                [
                    [
                        -0.000943231048289476,
                        0.00021938797978670013,
                        0.3048
                    ],
                    [
                        -0.0010216192549772202,
                        0.00021938797978151886,
                        0.3048
                    ],
                    [
                        -0.001021619254977251,
                        0.0002198406061066302,
                        0.3048
                    ],
                    [
                        -0.0010216192549773605,
                        0.00022144853352742229,
                        -0.0127
                    ],
                    [
                        -0.0010216192549780518,
                        0.00023132572311467033,
                        0
                    ],
                    [
                        -0.0010216192549783783,
                        0.00023584757049919784,
                        0
                    ],
                    [
                        -0.001021619254983116,
                        0.0002937274378144764,
                        0
                    ],
                    [
                        -0.001021619254988889,
                        0.0003516073051297487,
                        0
                    ],
                    [
                        -0.0010216192549893836,
                        0.0003561291525142751,
                        0
                    ],
                    [
                        -0.001021619254990486,
                        0.00036600634210152093,
                        -0.0127
                    ],
                    [
                        -0.0010216192549906684,
                        0.0003676142695223125,
                        0
                    ],
                    [
                        -0.0010216192549907198,
                        0.0003680663438641005,
                        0.3048
                    ],
                    [
                        -0.0009432310483019396,
                        0.0003680663438727931,
                        0.3048
                    ],
                    [
                        -0.0009311056561473764,
                        0.00036806634387407576,
                        0.3048
                    ],
                    [
                        -0.0009272210346951824,
                        0.00036806634387448315,
                        0.3048
                    ],
                    [
                        -0.0009255536904699063,
                        0.00036815079732312585,
                        0.3048
                    ],
                    [
                        -0.000923903343176901,
                        0.00036840360568537984,
                        0.3048
                    ],
                    [
                        -0.0009222864414602868,
                        0.00036882090507798045,
                        0.30480000000000007
                    ],
                    [
                        -0.000920719433964167,
                        0.00036939993558430964,
                        0.3048
                    ],
                    [
                        -0.000919218221044535,
                        0.00037013462538780935,
                        0.3048
                    ],
                    [
                        -0.0009177976064810892,
                        0.00037101724672195175,
                        0.3048
                    ],
                    [
                        -0.0009164718457653937,
                        0.0003720384158702389,
                        0.3048
                    ],
                    [
                        -0.0009152551943890201,
                        0.00037318874911617295,
                        0.3048
                    ],
                    [
                        -0.0009150484897613127,
                        0.00037340788649555424,
                        0.3048
                    ],
                    [
                        -0.000913810455147624,
                        0.000374896585518689,
                        0.3048
                    ],
                    [
                        -0.0009130395620268045,
                        0.00037601435174850146,
                        0.30480000000000007
                    ],
                    [
                        -0.0009123536535672606,
                        0.00037718676432731444,
                        0.3048
                    ],
                    [
                        -0.0009117565677859548,
                        0.00037840719945524766,
                        0.3048
                    ],
                    [
                        -0.0009112510461235688,
                        0.000379669033332421,
                        0.3048
                    ],
                    [
                        -0.0009108398300207891,
                        0.0003809650901756306,
                        0.3048
                    ],
                    [
                        -0.0009105256609182964,
                        0.00038228819420167313,
                        0.30480000000000007
                    ],
                    [
                        -0.0009103101836805069,
                        0.00038363172161066825,
                        0.3048
                    ],
                    [
                        -0.0009101944948836956,
                        0.0003849873926527659,
                        0.30479999999999996
                    ],
                    [
                        -0.0009101731116464426,
                        0.00038587442985335086,
                        0.3048
                    ],
                    [
                        -0.0009101731116481199,
                        0.0004013470743894637,
                        0.3048
                    ],
                    [
                        -0.0009101731116566145,
                        0.00047198438027530896,
                        0.3048
                    ],
                    [
                        -0.0009101731116664833,
                        0.0005426216861611398,
                        0.3048
                    ],
                    [
                        -0.0009097240636820849,
                        0.0005426216861612078,
                        0.3048
                    ],
                    [
                        -0.0009081269003383214,
                        0.0005426216861614493,
                        -0.0127
                    ],
                    [
                        -0.0008983152841224835,
                        0.0005426216861629241,
                        0
                    ],
                    [
                        -0.000840822886627686,
                        0.0005426216861712434,
                        0
                    ],
                    [
                        -0.0007833310374201786,
                        0.0005426216861790124,
                        0
                    ],
                    [
                        -0.0007734295019495147,
                        0.000542621686180295,
                        -0.0127
                    ],
                    [
                        -0.0007718323386056931,
                        0.0005426216861805002,
                        0
                    ],
                    [
                        -0.0007713832906212787,
                        0.0005426216861805579,
                        0.3048
                    ],
                    [
                        -0.0007713832906129148,
                        0.00047198438029219937,
                        0.3048
                    ],
                    [
                        -0.0007713832906057154,
                        0.0004013470744038262,
                        0.3048
                    ],
                    [
                        -0.0007713832906032598,
                        0.00037421654207812606,
                        0.3048
                    ],
                    [
                        -0.0007713832905969858,
                        0.000293727437834684,
                        0.3048
                    ],
                    [
                        -0.0007713832905922237,
                        0.00021323833359123036,
                        0.3048
                    ],
                    [
                        -0.0007713832905909592,
                        0.00018610724928219758,
                        0.3048
                    ],
                    [
                        -0.0007713832905891909,
                        0.00013958057495748122,
                        0.3048
                    ],
                    [
                        -0.0007713832905879277,
                        9.305390063276295e-05,
                        0.3048
                    ],
                    [
                        -0.0007713832905871697,
                        4.652667432472011e-05,
                        0.3048
                    ],
                    [
                        -0.0007713832905869172,
                        0,
                        0.3048
                    ],
                    [
                        -0.0007718323385713117,
                        0,
                        0.3048
                    ],
                    [
                        -0.0007734295019150622,
                        0,
                        -0.0127
                    ],
                    [
                        -0.0007833310373852849,
                        0,
                        0
                    ],
                    [
                        -0.0008408228865902314,
                        0,
                        0
                    ],
                    [
                        -0.0008983152840824678,
                        0,
                        0
                    ],
                    [
                        -0.0009081269002978687,
                        0,
                        -0.0127
                    ],
                    [
                        -0.000909724063641561,
                        0,
                        -1.214306433183765e-17
                    ],
                    [
                        -0.0009101731116259393,
                        0,
                        0.3048
                    ],
                    [
                        -0.0009101731116262373,
                        4.652667432305512e-05,
                        0.3048
                    ],
                    [
                        -0.0009101731116271317,
                        9.305390062943296e-05,
                        0.3048
                    ],
                    [
                        -0.0009101731116286219,
                        0.00013958057495248622,
                        0.3048
                    ],
                    [
                        -0.0009101731116307086,
                        0.0001861072492755376,
                        0.3048
                    ],
                    [
                        -0.0009101731116313628,
                        0.00019846229200151728,
                        0.3048
                    ],
                    [
                        -0.0009101731116317127,
                        0.00020475986973733025,
                        0.3048
                    ],
                    [
                        -0.000910246033954042,
                        0.00020618177877821075,
                        0.30479999999999996
                    ],
                    [
                        -0.000910464800920869,
                        0.00020758823228602974,
                        0.30480000000000007
                    ],
                    [
                        -0.0009108266710915106,
                        0.00020896432671105726,
                        0.30479999999999996
                    ],
                    [
                        -0.0009113278064489948,
                        0.00021029571048688706,
                        0.3048
                    ],
                    [
                        -0.0009119632724000991,
                        0.00021156748006378944,
                        0.3048
                    ],
                    [
                        -0.0009127253929109035,
                        0.0002127663878420049,
                        0.3048
                    ],
                    [
                        -0.0009136064919474695,
                        0.00021387918622177418,
                        0.3048
                    ],
                    [
                        -0.0009145977968996111,
                        0.00021489483553663118,
                        0.3048
                    ],
                    [
                        -0.0009146910058829461,
                        0.00021498039295174079,
                        0.3048
                    ],
                    [
                        -0.000915873663394972,
                        0.00021596292326718603,
                        0.3048
                    ],
                    [
                        -0.0009171396607038489,
                        0.000216833952951314,
                        0.3048
                    ],
                    [
                        -0.0009189687499296504,
                        0.00021782255508327468,
                        0.3048
                    ],
                    [
                        -0.0009209036587659233,
                        0.00021857932421943182,
                        0.3048
                    ],
                    [
                        -0.0009229158762295189,
                        0.00021909211672667433,
                        0.30480000000000007
                    ],
                    [
                        -0.0009249757947610447,
                        0.00021935320483847803,
                        0.3048
                    ],
                    [
                        -0.0009260625018490028,
                        0.0002193879797877797,
                        0.3048
                    ],
                    [
                        -0.000943231048289476,
                        0.00021938797978670013,
                        0.3048
                    ]
                ]
            ]
        ],
        "type": "MultiPolygon"
    },
    "properties": {
        "Id": "{7a8a7072-cfdb-4c8f-a712-ff2c915d44e9}",
        "Type": "Surface"
    },
    "type": "Feature"
}
,{
    "geometry": {
        "coordinates": [
            [
                -0.0009432310538851052,
                0.00035160704610674476,
                0
            ],
            [
                -0.0009432310538754012,
                0.00023584775306011881,
                0
            ]
        ],
        "type": "LineString"
    },
    "properties": {
        "Id": "{b28f3aa9-cd3b-4eab-b81f-4fd737c9b43d}",
        "Lane": {
            "Id": "{823c7d10-284f-3a51-9ab7-37315a521c9e}"
        },
        "Signals": [
        ],
        "TurnRelation": "Left",
        "Type": "Gate"
    },
    "type": "Feature"
}
,{
    "geometry": {
        "coordinates": [
            [
                -0.0008983152840886476,
                0.00021323852332856807,
                0
            ],
            [
                -0.0007833309277330442,
                0.00021323852333489046,
                0
            ]
        ],
        "type": "LineString"
    },
    "properties": {
        "Id": "{02f20fb1-0a08-49c3-8a04-f81f1b0b54f5}",
        "Lane": {
            "Id": "{1aadd6ce-aa11-36f5-b1c7-2052476a406e}"
        },
        "Signals": [
        ],
        "TurnRelation": "Straight",
        "Type": "Gate"
    },
    "type": "Feature"
}
],"type":"FeatureCollection"}